INSERT INTO `admin` (`admin_username`, `admin_password`, `admin_phone`) VALUES ('admin', 'e10adc3949ba59abbe56e057f20f883e', '13888888888');
INSERT INTO `attendance` (`record_id`, `emp_id`, `attend_days`, `overtime_times`, `absent_days`, `attend_bonus`, `create_by`, `create_time`, `update_by`, `update_time`, `remark`) VALUES (7, 1, 22, 5, 2, 800.00, '', NULL, '', NULL, NULL);
INSERT INTO `attendance` (`record_id`, `emp_id`, `attend_days`, `overtime_times`, `absent_days`, `attend_bonus`, `create_by`, `create_time`, `update_by`, `update_time`, `remark`) VALUES (8, 2, 20, 3, 4, 600.00, '', NULL, '', NULL, NULL);
INSERT INTO `attendance` (`record_id`, `emp_id`, `attend_days`, `overtime_times`, `absent_days`, `attend_bonus`, `create_by`, `create_time`, `update_by`, `update_time`, `remark`) VALUES (9, 1, 22, 5, 2, 800.00, '', NULL, '', NULL, NULL);
INSERT INTO `attendance` (`record_id`, `emp_id`, `attend_days`, `overtime_times`, `absent_days`, `attend_bonus`, `create_by`, `create_time`, `update_by`, `update_time`, `remark`) VALUES (10, 2, 20, 3, 4, 600.00, '', NULL, '', NULL, NULL);
INSERT INTO `department` (`dept_id`, `dept_name`, `dept_manager`, `dept_phone`) VALUES (1, '技术部', '张三', '010-123456');
INSERT INTO `department` (`dept_id`, `dept_name`, `dept_manager`, `dept_phone`) VALUES (2, '人事部', '李四', '010-654321');
INSERT INTO `department` (`dept_id`, `dept_name`, `dept_manager`, `dept_phone`) VALUES (3, '财务部', '王五', '010-987654');
INSERT INTO `employee` (`emp_id`, `emp_name`, `emp_gender`, `emp_age`, `emp_phone`, `dept_id`, `pos_id`, `is_leave`) VALUES (1, '88', '男', 8, '18569789546', 1, 1, '');
INSERT INTO `employee` (`emp_id`, `emp_name`, `emp_gender`, `emp_age`, `emp_phone`, `dept_id`, `pos_id`, `is_leave`) VALUES (2, '88888', '男', 66, '15698745896', 1, 1, NULL);
INSERT INTO `gen_table` (`table_id`, `table_name`, `table_comment`, `sub_table_name`, `sub_table_fk_name`, `class_name`, `tpl_category`, `tpl_web_type`, `package_name`, `module_name`, `business_name`, `function_name`, `function_author`, `gen_type`, `gen_path`, `options`, `create_by`, `create_time`, `update_by`, `update_time`, `remark`) VALUES (1, 'admin', '系统管理员表', NULL, NULL, 'Admin', 'crud', 'element-ui', 'com.ruoyi.admin', 'admin', 'admin', '系统管理员', 'ruoyi', '0', '/', '{\"parentMenuId\":2000}', 'admin', '2025-10-11 10:57:02', '', '2025-10-11 11:12:08', NULL);
INSERT INTO `gen_table` (`table_id`, `table_name`, `table_comment`, `sub_table_name`, `sub_table_fk_name`, `class_name`, `tpl_category`, `tpl_web_type`, `package_name`, `module_name`, `business_name`, `function_name`, `function_author`, `gen_type`, `gen_path`, `options`, `create_by`, `create_time`, `update_by`, `update_time`, `remark`) VALUES (2, 'attendance', '员工考勤信息表', NULL, NULL, 'Attendance', 'crud', 'element-ui', 'com.ruoyi.attendance', 'attendance', 'attendance', '员工考勤信息', 'ruoyi', '0', '/', '{\"parentMenuId\":2000}', 'admin', '2025-10-11 10:57:02', '', '2025-10-11 11:12:22', NULL);
INSERT INTO `gen_table` (`table_id`, `table_name`, `table_comment`, `sub_table_name`, `sub_table_fk_name`, `class_name`, `tpl_category`, `tpl_web_type`, `package_name`, `module_name`, `business_name`, `function_name`, `function_author`, `gen_type`, `gen_path`, `options`, `create_by`, `create_time`, `update_by`, `update_time`, `remark`) VALUES (3, 'department', '部门信息表', NULL, NULL, 'Department', 'crud', 'element-ui', 'com.ruoyi.department', 'department', 'department', '部门信息', 'ruoyi', '0', '/', '{\"parentMenuId\":2000}', 'admin', '2025-10-11 10:57:02', '', '2025-10-11 11:12:32', NULL);
INSERT INTO `gen_table` (`table_id`, `table_name`, `table_comment`, `sub_table_name`, `sub_table_fk_name`, `class_name`, `tpl_category`, `tpl_web_type`, `package_name`, `module_name`, `business_name`, `function_name`, `function_author`, `gen_type`, `gen_path`, `options`, `create_by`, `create_time`, `update_by`, `update_time`, `remark`) VALUES (4, 'employee', '员工基本信息表', NULL, NULL, 'Employee', 'crud', 'element-ui', 'com.ruoyi.employee', 'employee', 'employee', '员工基本信息', 'ruoyi', '0', '/', '{\"parentMenuId\":2000}', 'admin', '2025-10-11 10:57:02', '', '2025-10-11 11:12:40', NULL);
INSERT INTO `gen_table` (`table_id`, `table_name`, `table_comment`, `sub_table_name`, `sub_table_fk_name`, `class_name`, `tpl_category`, `tpl_web_type`, `package_name`, `module_name`, `business_name`, `function_name`, `function_author`, `gen_type`, `gen_path`, `options`, `create_by`, `create_time`, `update_by`, `update_time`, `remark`) VALUES (5, 'jobposition', '职务信息表', NULL, NULL, 'Jobposition', 'crud', 'element-ui', 'com.ruoyi.jobposition', 'jobposition', 'jobposition', '职务信息', 'ruoyi', '0', '/', '{\"parentMenuId\":2000}', 'admin', '2025-10-11 10:57:03', '', '2025-10-11 11:11:22', NULL);
INSERT INTO `gen_table` (`table_id`, `table_name`, `table_comment`, `sub_table_name`, `sub_table_fk_name`, `class_name`, `tpl_category`, `tpl_web_type`, `package_name`, `module_name`, `business_name`, `function_name`, `function_author`, `gen_type`, `gen_path`, `options`, `create_by`, `create_time`, `update_by`, `update_time`, `remark`) VALUES (6, 'salaryinfo', '员工工资信息表', NULL, NULL, 'Salaryinfo', 'crud', 'element-ui', 'com.ruoyi.salaryinfo', 'salaryinfo', 'salaryinfo', '员工工资信息', 'ruoyi', '0', '/', '{\"parentMenuId\":2000}', 'admin', '2025-10-11 10:57:03', '', '2025-10-11 11:11:38', NULL);
INSERT INTO `gen_table` (`table_id`, `table_name`, `table_comment`, `sub_table_name`, `sub_table_fk_name`, `class_name`, `tpl_category`, `tpl_web_type`, `package_name`, `module_name`, `business_name`, `function_name`, `function_author`, `gen_type`, `gen_path`, `options`, `create_by`, `create_time`, `update_by`, `update_time`, `remark`) VALUES (7, 'salarystandard', '工资标准表', NULL, NULL, 'Salarystandard', 'crud', 'element-ui', 'com.ruoyi.salarystandard', 'salarystandard', 'salarystandard', '工资标准', 'ruoyi', '0', '/', '{\"parentMenuId\":2000}', 'admin', '2025-10-11 10:57:03', '', '2025-10-11 11:11:56', NULL);
INSERT INTO `gen_table_column` (`column_id`, `table_id`, `column_name`, `column_comment`, `column_type`, `java_type`, `java_field`, `is_pk`, `is_increment`, `is_required`, `is_insert`, `is_edit`, `is_list`, `is_query`, `query_type`, `html_type`, `dict_type`, `sort`, `create_by`, `create_time`, `update_by`, `update_time`) VALUES (1, 1, 'admin_username', '管理员用户名', 'varchar(50)', 'String', 'adminUsername', '1', '0', '0', '1', NULL, NULL, '1', 'LIKE', 'input', '', 1, 'admin', '2025-10-11 10:57:02', '', '2025-10-11 11:12:08');
INSERT INTO `gen_table_column` (`column_id`, `table_id`, `column_name`, `column_comment`, `column_type`, `java_type`, `java_field`, `is_pk`, `is_increment`, `is_required`, `is_insert`, `is_edit`, `is_list`, `is_query`, `query_type`, `html_type`, `dict_type`, `sort`, `create_by`, `create_time`, `update_by`, `update_time`) VALUES (2, 1, 'admin_password', '管理员密码（建议加密存储）', 'varchar(100)', 'String', 'adminPassword', '0', '0', '1', '1', '1', '1', '1', 'EQ', 'input', '', 2, 'admin', '2025-10-11 10:57:02', '', '2025-10-11 11:12:08');
INSERT INTO `gen_table_column` (`column_id`, `table_id`, `column_name`, `column_comment`, `column_type`, `java_type`, `java_field`, `is_pk`, `is_increment`, `is_required`, `is_insert`, `is_edit`, `is_list`, `is_query`, `query_type`, `html_type`, `dict_type`, `sort`, `create_by`, `create_time`, `update_by`, `update_time`) VALUES (3, 1, 'admin_phone', '管理员手机号', 'varchar(20)', 'String', 'adminPhone', '0', '0', '0', '1', '1', '1', '1', 'EQ', 'input', '', 3, 'admin', '2025-10-11 10:57:02', '', '2025-10-11 11:12:08');
INSERT INTO `gen_table_column` (`column_id`, `table_id`, `column_name`, `column_comment`, `column_type`, `java_type`, `java_field`, `is_pk`, `is_increment`, `is_required`, `is_insert`, `is_edit`, `is_list`, `is_query`, `query_type`, `html_type`, `dict_type`, `sort`, `create_by`, `create_time`, `update_by`, `update_time`) VALUES (4, 2, 'emp_id', '职工编号（关联员工）', 'int', 'Long', 'empId', '1', '0', '0', '1', NULL, NULL, '1', 'EQ', 'input', '', 1, 'admin', '2025-10-11 10:57:02', '', '2025-10-11 11:12:22');
INSERT INTO `gen_table_column` (`column_id`, `table_id`, `column_name`, `column_comment`, `column_type`, `java_type`, `java_field`, `is_pk`, `is_increment`, `is_required`, `is_insert`, `is_edit`, `is_list`, `is_query`, `query_type`, `html_type`, `dict_type`, `sort`, `create_by`, `create_time`, `update_by`, `update_time`) VALUES (5, 2, 'attend_days', '月出勤天数', 'int', 'Long', 'attendDays', '0', '0', '1', '1', '1', '1', '1', 'EQ', 'input', '', 2, 'admin', '2025-10-11 10:57:02', '', '2025-10-11 11:12:22');
INSERT INTO `gen_table_column` (`column_id`, `table_id`, `column_name`, `column_comment`, `column_type`, `java_type`, `java_field`, `is_pk`, `is_increment`, `is_required`, `is_insert`, `is_edit`, `is_list`, `is_query`, `query_type`, `html_type`, `dict_type`, `sort`, `create_by`, `create_time`, `update_by`, `update_time`) VALUES (6, 2, 'overtime_times', '月加班次数', 'int', 'Long', 'overtimeTimes', '0', '0', '1', '1', '1', '1', '1', 'EQ', 'input', '', 3, 'admin', '2025-10-11 10:57:02', '', '2025-10-11 11:12:22');
INSERT INTO `gen_table_column` (`column_id`, `table_id`, `column_name`, `column_comment`, `column_type`, `java_type`, `java_field`, `is_pk`, `is_increment`, `is_required`, `is_insert`, `is_edit`, `is_list`, `is_query`, `query_type`, `html_type`, `dict_type`, `sort`, `create_by`, `create_time`, `update_by`, `update_time`) VALUES (7, 2, 'attend_bonus', '出勤奖金', 'decimal(10,2)', 'BigDecimal', 'attendBonus', '0', '0', '0', '1', '1', '1', '1', 'EQ', 'input', '', 4, 'admin', '2025-10-11 10:57:02', '', '2025-10-11 11:12:22');
INSERT INTO `gen_table_column` (`column_id`, `table_id`, `column_name`, `column_comment`, `column_type`, `java_type`, `java_field`, `is_pk`, `is_increment`, `is_required`, `is_insert`, `is_edit`, `is_list`, `is_query`, `query_type`, `html_type`, `dict_type`, `sort`, `create_by`, `create_time`, `update_by`, `update_time`) VALUES (8, 3, 'dept_id', '部门编号', 'int', 'Long', 'deptId', '1', '1', '0', '1', NULL, NULL, '1', 'EQ', 'input', '', 1, 'admin', '2025-10-11 10:57:02', '', '2025-10-11 11:12:32');
INSERT INTO `gen_table_column` (`column_id`, `table_id`, `column_name`, `column_comment`, `column_type`, `java_type`, `java_field`, `is_pk`, `is_increment`, `is_required`, `is_insert`, `is_edit`, `is_list`, `is_query`, `query_type`, `html_type`, `dict_type`, `sort`, `create_by`, `create_time`, `update_by`, `update_time`) VALUES (9, 3, 'dept_name', '部门名称', 'varchar(50)', 'String', 'deptName', '0', '0', '1', '1', '1', '1', '1', 'LIKE', 'input', '', 2, 'admin', '2025-10-11 10:57:02', '', '2025-10-11 11:12:32');
INSERT INTO `gen_table_column` (`column_id`, `table_id`, `column_name`, `column_comment`, `column_type`, `java_type`, `java_field`, `is_pk`, `is_increment`, `is_required`, `is_insert`, `is_edit`, `is_list`, `is_query`, `query_type`, `html_type`, `dict_type`, `sort`, `create_by`, `create_time`, `update_by`, `update_time`) VALUES (10, 3, 'dept_manager', '部门经理', 'varchar(50)', 'String', 'deptManager', '0', '0', '0', '1', '1', '1', '1', 'EQ', 'input', '', 3, 'admin', '2025-10-11 10:57:02', '', '2025-10-11 11:12:32');
INSERT INTO `gen_table_column` (`column_id`, `table_id`, `column_name`, `column_comment`, `column_type`, `java_type`, `java_field`, `is_pk`, `is_increment`, `is_required`, `is_insert`, `is_edit`, `is_list`, `is_query`, `query_type`, `html_type`, `dict_type`, `sort`, `create_by`, `create_time`, `update_by`, `update_time`) VALUES (11, 3, 'dept_phone', '部门联系电话', 'varchar(20)', 'String', 'deptPhone', '0', '0', '0', '1', '1', '1', '1', 'EQ', 'input', '', 4, 'admin', '2025-10-11 10:57:02', '', '2025-10-11 11:12:32');
INSERT INTO `gen_table_column` (`column_id`, `table_id`, `column_name`, `column_comment`, `column_type`, `java_type`, `java_field`, `is_pk`, `is_increment`, `is_required`, `is_insert`, `is_edit`, `is_list`, `is_query`, `query_type`, `html_type`, `dict_type`, `sort`, `create_by`, `create_time`, `update_by`, `update_time`) VALUES (12, 4, 'emp_id', '职工编号', 'int', 'Long', 'empId', '1', '1', '0', '1', NULL, NULL, '1', 'EQ', 'input', '', 1, 'admin', '2025-10-11 10:57:02', '', '2025-10-11 11:12:40');
INSERT INTO `gen_table_column` (`column_id`, `table_id`, `column_name`, `column_comment`, `column_type`, `java_type`, `java_field`, `is_pk`, `is_increment`, `is_required`, `is_insert`, `is_edit`, `is_list`, `is_query`, `query_type`, `html_type`, `dict_type`, `sort`, `create_by`, `create_time`, `update_by`, `update_time`) VALUES (13, 4, 'emp_name', '职工姓名', 'varchar(50)', 'String', 'empName', '0', '0', '1', '1', '1', '1', '1', 'LIKE', 'input', '', 2, 'admin', '2025-10-11 10:57:02', '', '2025-10-11 11:12:40');
INSERT INTO `gen_table_column` (`column_id`, `table_id`, `column_name`, `column_comment`, `column_type`, `java_type`, `java_field`, `is_pk`, `is_increment`, `is_required`, `is_insert`, `is_edit`, `is_list`, `is_query`, `query_type`, `html_type`, `dict_type`, `sort`, `create_by`, `create_time`, `update_by`, `update_time`) VALUES (14, 4, 'emp_gender', '职工性别', 'char(2)', 'String', 'empGender', '0', '0', '0', '1', '1', '1', '1', 'EQ', 'input', '', 3, 'admin', '2025-10-11 10:57:02', '', '2025-10-11 11:12:40');
INSERT INTO `gen_table_column` (`column_id`, `table_id`, `column_name`, `column_comment`, `column_type`, `java_type`, `java_field`, `is_pk`, `is_increment`, `is_required`, `is_insert`, `is_edit`, `is_list`, `is_query`, `query_type`, `html_type`, `dict_type`, `sort`, `create_by`, `create_time`, `update_by`, `update_time`) VALUES (15, 4, 'emp_age', '职工年龄', 'int', 'Long', 'empAge', '0', '0', '0', '1', '1', '1', '1', 'EQ', 'input', '', 4, 'admin', '2025-10-11 10:57:02', '', '2025-10-11 11:12:40');
INSERT INTO `gen_table_column` (`column_id`, `table_id`, `column_name`, `column_comment`, `column_type`, `java_type`, `java_field`, `is_pk`, `is_increment`, `is_required`, `is_insert`, `is_edit`, `is_list`, `is_query`, `query_type`, `html_type`, `dict_type`, `sort`, `create_by`, `create_time`, `update_by`, `update_time`) VALUES (16, 4, 'emp_phone', '职工电话', 'varchar(20)', 'String', 'empPhone', '0', '0', '0', '1', '1', '1', '1', 'EQ', 'input', '', 5, 'admin', '2025-10-11 10:57:02', '', '2025-10-11 11:12:40');
INSERT INTO `gen_table_column` (`column_id`, `table_id`, `column_name`, `column_comment`, `column_type`, `java_type`, `java_field`, `is_pk`, `is_increment`, `is_required`, `is_insert`, `is_edit`, `is_list`, `is_query`, `query_type`, `html_type`, `dict_type`, `sort`, `create_by`, `create_time`, `update_by`, `update_time`) VALUES (17, 4, 'dept_id', '所在部门编号', 'int', 'Long', 'deptId', '0', '0', '0', '1', '1', '1', '1', 'EQ', 'input', '', 6, 'admin', '2025-10-11 10:57:02', '', '2025-10-11 11:12:40');
INSERT INTO `gen_table_column` (`column_id`, `table_id`, `column_name`, `column_comment`, `column_type`, `java_type`, `java_field`, `is_pk`, `is_increment`, `is_required`, `is_insert`, `is_edit`, `is_list`, `is_query`, `query_type`, `html_type`, `dict_type`, `sort`, `create_by`, `create_time`, `update_by`, `update_time`) VALUES (18, 4, 'pos_id', '担任职位编号', 'int', 'Long', 'posId', '0', '0', '0', '1', '1', '1', '1', 'EQ', 'input', '', 7, 'admin', '2025-10-11 10:57:03', '', '2025-10-11 11:12:40');
INSERT INTO `gen_table_column` (`column_id`, `table_id`, `column_name`, `column_comment`, `column_type`, `java_type`, `java_field`, `is_pk`, `is_increment`, `is_required`, `is_insert`, `is_edit`, `is_list`, `is_query`, `query_type`, `html_type`, `dict_type`, `sort`, `create_by`, `create_time`, `update_by`, `update_time`) VALUES (19, 5, 'pos_id', '职位编号', 'int', 'Long', 'posId', '1', '1', '0', '1', NULL, NULL, '1', 'EQ', 'input', '', 1, 'admin', '2025-10-11 10:57:03', '', '2025-10-11 11:11:22');
INSERT INTO `gen_table_column` (`column_id`, `table_id`, `column_name`, `column_comment`, `column_type`, `java_type`, `java_field`, `is_pk`, `is_increment`, `is_required`, `is_insert`, `is_edit`, `is_list`, `is_query`, `query_type`, `html_type`, `dict_type`, `sort`, `create_by`, `create_time`, `update_by`, `update_time`) VALUES (20, 5, 'pos_name', '职位名称', 'varchar(50)', 'String', 'posName', '0', '0', '1', '1', '1', '1', '1', 'LIKE', 'input', '', 2, 'admin', '2025-10-11 10:57:03', '', '2025-10-11 11:11:22');
INSERT INTO `gen_table_column` (`column_id`, `table_id`, `column_name`, `column_comment`, `column_type`, `java_type`, `java_field`, `is_pk`, `is_increment`, `is_required`, `is_insert`, `is_edit`, `is_list`, `is_query`, `query_type`, `html_type`, `dict_type`, `sort`, `create_by`, `create_time`, `update_by`, `update_time`) VALUES (21, 5, 'dept_id', '所属部门编号', 'int', 'Long', 'deptId', '0', '0', '0', '1', '1', '1', '1', 'EQ', 'input', '', 3, 'admin', '2025-10-11 10:57:03', '', '2025-10-11 11:11:22');
INSERT INTO `gen_table_column` (`column_id`, `table_id`, `column_name`, `column_comment`, `column_type`, `java_type`, `java_field`, `is_pk`, `is_increment`, `is_required`, `is_insert`, `is_edit`, `is_list`, `is_query`, `query_type`, `html_type`, `dict_type`, `sort`, `create_by`, `create_time`, `update_by`, `update_time`) VALUES (22, 6, 'emp_id', '职工编号（关联员工）', 'int', 'Long', 'empId', '1', '0', '0', '1', NULL, NULL, '1', 'EQ', 'input', '', 1, 'admin', '2025-10-11 10:57:03', '', '2025-10-11 11:11:38');
INSERT INTO `gen_table_column` (`column_id`, `table_id`, `column_name`, `column_comment`, `column_type`, `java_type`, `java_field`, `is_pk`, `is_increment`, `is_required`, `is_insert`, `is_edit`, `is_list`, `is_query`, `query_type`, `html_type`, `dict_type`, `sort`, `create_by`, `create_time`, `update_by`, `update_time`) VALUES (23, 6, 'payable_salary', '应发工资', 'decimal(10,2)', 'BigDecimal', 'payableSalary', '0', '0', '1', '1', '1', '1', '1', 'EQ', 'input', '', 2, 'admin', '2025-10-11 10:57:03', '', '2025-10-11 11:11:38');
INSERT INTO `gen_table_column` (`column_id`, `table_id`, `column_name`, `column_comment`, `column_type`, `java_type`, `java_field`, `is_pk`, `is_increment`, `is_required`, `is_insert`, `is_edit`, `is_list`, `is_query`, `query_type`, `html_type`, `dict_type`, `sort`, `create_by`, `create_time`, `update_by`, `update_time`) VALUES (24, 6, 'deduction_salary', '应扣工资', 'decimal(10,2)', 'BigDecimal', 'deductionSalary', '0', '0', '1', '1', '1', '1', '1', 'EQ', 'input', '', 3, 'admin', '2025-10-11 10:57:03', '', '2025-10-11 11:11:38');
INSERT INTO `gen_table_column` (`column_id`, `table_id`, `column_name`, `column_comment`, `column_type`, `java_type`, `java_field`, `is_pk`, `is_increment`, `is_required`, `is_insert`, `is_edit`, `is_list`, `is_query`, `query_type`, `html_type`, `dict_type`, `sort`, `create_by`, `create_time`, `update_by`, `update_time`) VALUES (25, 6, 'emp_name', '职工姓名', 'varchar(50)', 'String', 'empName', '0', '0', '1', '1', '1', '1', '1', 'LIKE', 'input', '', 4, 'admin', '2025-10-11 10:57:03', '', '2025-10-11 11:11:38');
INSERT INTO `gen_table_column` (`column_id`, `table_id`, `column_name`, `column_comment`, `column_type`, `java_type`, `java_field`, `is_pk`, `is_increment`, `is_required`, `is_insert`, `is_edit`, `is_list`, `is_query`, `query_type`, `html_type`, `dict_type`, `sort`, `create_by`, `create_time`, `update_by`, `update_time`) VALUES (26, 6, 'actual_salary', '实发工资（应发-应扣）', 'decimal(10,2)', 'BigDecimal', 'actualSalary', '0', '0', '1', '1', '1', '1', '1', 'EQ', 'input', '', 5, 'admin', '2025-10-11 10:57:03', '', '2025-10-11 11:11:38');
INSERT INTO `gen_table_column` (`column_id`, `table_id`, `column_name`, `column_comment`, `column_type`, `java_type`, `java_field`, `is_pk`, `is_increment`, `is_required`, `is_insert`, `is_edit`, `is_list`, `is_query`, `query_type`, `html_type`, `dict_type`, `sort`, `create_by`, `create_time`, `update_by`, `update_time`) VALUES (27, 7, 'pos_id', '职位编号（关联职务）', 'int', 'Long', 'posId', '1', '0', '0', '1', NULL, NULL, '1', 'EQ', 'input', '', 1, 'admin', '2025-10-11 10:57:03', '', '2025-10-11 11:11:56');
INSERT INTO `gen_table_column` (`column_id`, `table_id`, `column_name`, `column_comment`, `column_type`, `java_type`, `java_field`, `is_pk`, `is_increment`, `is_required`, `is_insert`, `is_edit`, `is_list`, `is_query`, `query_type`, `html_type`, `dict_type`, `sort`, `create_by`, `create_time`, `update_by`, `update_time`) VALUES (28, 7, 'basic_salary', '基本工资', 'decimal(10,2)', 'BigDecimal', 'basicSalary', '0', '0', '1', '1', '1', '1', '1', 'EQ', 'input', '', 2, 'admin', '2025-10-11 10:57:03', '', '2025-10-11 11:11:56');
INSERT INTO `gen_table_column` (`column_id`, `table_id`, `column_name`, `column_comment`, `column_type`, `java_type`, `java_field`, `is_pk`, `is_increment`, `is_required`, `is_insert`, `is_edit`, `is_list`, `is_query`, `query_type`, `html_type`, `dict_type`, `sort`, `create_by`, `create_time`, `update_by`, `update_time`) VALUES (29, 7, 'salary_level', '薪资等级', 'varchar(20)', 'String', 'salaryLevel', '0', '0', '0', '1', '1', '1', '1', 'EQ', 'input', '', 3, 'admin', '2025-10-11 10:57:03', '', '2025-10-11 11:11:56');
INSERT INTO `gen_table_column` (`column_id`, `table_id`, `column_name`, `column_comment`, `column_type`, `java_type`, `java_field`, `is_pk`, `is_increment`, `is_required`, `is_insert`, `is_edit`, `is_list`, `is_query`, `query_type`, `html_type`, `dict_type`, `sort`, `create_by`, `create_time`, `update_by`, `update_time`) VALUES (30, 7, 'position_allowance', '职务补贴', 'decimal(10,2)', 'BigDecimal', 'positionAllowance', '0', '0', '0', '1', '1', '1', '1', 'EQ', 'input', '', 4, 'admin', '2025-10-11 10:57:03', '', '2025-10-11 11:11:56');
INSERT INTO `jobposition` (`pos_id`, `pos_name`, `dept_id`) VALUES (1, '高级工程师', 1);
INSERT INTO `jobposition` (`pos_id`, `pos_name`, `dept_id`) VALUES (2, '人事专员', 2);
INSERT INTO `jobposition` (`pos_id`, `pos_name`, `dept_id`) VALUES (3, '会计', 3);
INSERT INTO `salaryinfo` (`record_id`, `emp_id`, `payable_salary`, `attendance_bonus`, `emp_name`, `actual_salary`, `other_bonus_penalty`, `bonus_penalty_remark`, `create_by`, `create_time`, `update_by`, `update_time`, `remark`) VALUES (1, 1, 8000.00, 500.00, '张三', 8500.00, 0.00, '', 'admin', '2025-10-19 10:26:11', 'admin', '2025-10-19 10:26:11', '正式员工');
INSERT INTO `salaryinfo` (`record_id`, `emp_id`, `payable_salary`, `attendance_bonus`, `emp_name`, `actual_salary`, `other_bonus_penalty`, `bonus_penalty_remark`, `create_by`, `create_time`, `update_by`, `update_time`, `remark`) VALUES (2, 2, 6500.00, 300.00, '李四', 6800.00, 0.00, '', 'admin', '2025-10-19 10:26:11', 'admin', '2025-10-19 10:26:11', '试用期员工');
INSERT INTO `salaryinfo` (`record_id`, `emp_id`, `payable_salary`, `attendance_bonus`, `emp_name`, `actual_salary`, `other_bonus_penalty`, `bonus_penalty_remark`, `create_by`, `create_time`, `update_by`, `update_time`, `remark`) VALUES (3, 3, 9500.00, 800.00, '王五', 10300.00, 0.00, '', 'admin', '2025-10-19 10:26:11', 'admin', '2025-10-19 10:26:11', '管理层');
INSERT INTO `salaryinfo` (`record_id`, `emp_id`, `payable_salary`, `attendance_bonus`, `emp_name`, `actual_salary`, `other_bonus_penalty`, `bonus_penalty_remark`, `create_by`, `create_time`, `update_by`, `update_time`, `remark`) VALUES (4, 4, 7200.00, 400.00, '赵六', 7600.00, 0.00, '', 'admin', '2025-10-19 10:26:11', 'admin', '2025-10-19 10:26:11', '技术骨干');
INSERT INTO `salaryinfo` (`record_id`, `emp_id`, `payable_salary`, `attendance_bonus`, `emp_name`, `actual_salary`, `other_bonus_penalty`, `bonus_penalty_remark`, `create_by`, `create_time`, `update_by`, `update_time`, `remark`) VALUES (5, 5, 5800.00, 200.00, '钱七', 6000.00, 0.00, '', 'admin', '2025-10-19 10:26:11', 'admin', '2025-10-19 10:26:11', '新入职员工');
INSERT INTO `salarystandard` (`pos_id`, `basic_salary`, `salary_level`, `position_allowance`) VALUES (1, 10000.00, 'A', 2000.00);
INSERT INTO `salarystandard` (`pos_id`, `basic_salary`, `salary_level`, `position_allowance`) VALUES (2, 6000.00, 'B', 1000.00);
INSERT INTO `salarystandard` (`pos_id`, `basic_salary`, `salary_level`, `position_allowance`) VALUES (3, 8000.00, 'A', 1500.00);
INSERT INTO `sys_config` (`config_id`, `config_name`, `config_key`, `config_value`, `config_type`, `create_by`, `create_time`, `update_by`, `update_time`, `remark`) VALUES (1, '主框架页-默认皮肤样式名称', 'sys.index.skinName', 'skin-blue', 'Y', 'admin', '2025-10-11 10:34:37', '', NULL, '蓝色 skin-blue、绿色 skin-green、紫色 skin-purple、红色 skin-red、黄色 skin-yellow');
INSERT INTO `sys_config` (`config_id`, `config_name`, `config_key`, `config_value`, `config_type`, `create_by`, `create_time`, `update_by`, `update_time`, `remark`) VALUES (2, '用户管理-账号初始密码', 'sys.user.initPassword', '123456', 'Y', 'admin', '2025-10-11 10:34:37', '', NULL, '初始化密码 123456');
INSERT INTO `sys_config` (`config_id`, `config_name`, `config_key`, `config_value`, `config_type`, `create_by`, `create_time`, `update_by`, `update_time`, `remark`) VALUES (3, '主框架页-侧边栏主题', 'sys.index.sideTheme', 'theme-dark', 'Y', 'admin', '2025-10-11 10:34:37', '', NULL, '深色主题theme-dark，浅色主题theme-light');
INSERT INTO `sys_config` (`config_id`, `config_name`, `config_key`, `config_value`, `config_type`, `create_by`, `create_time`, `update_by`, `update_time`, `remark`) VALUES (4, '账号自助-验证码开关', 'sys.account.captchaEnabled', 'true', 'Y', 'admin', '2025-10-11 10:34:37', '', NULL, '是否开启验证码功能（true开启，false关闭）');
INSERT INTO `sys_config` (`config_id`, `config_name`, `config_key`, `config_value`, `config_type`, `create_by`, `create_time`, `update_by`, `update_time`, `remark`) VALUES (5, '账号自助-是否开启用户注册功能', 'sys.account.registerUser', 'false', 'Y', 'admin', '2025-10-11 10:34:37', '', NULL, '是否开启注册用户功能（true开启，false关闭）');
INSERT INTO `sys_config` (`config_id`, `config_name`, `config_key`, `config_value`, `config_type`, `create_by`, `create_time`, `update_by`, `update_time`, `remark`) VALUES (6, '用户登录-黑名单列表', 'sys.login.blackIPList', '', 'Y', 'admin', '2025-10-11 10:34:37', '', NULL, '设置登录IP黑名单限制，多个匹配项以;分隔，支持匹配（*通配、网段）');
INSERT INTO `sys_config` (`config_id`, `config_name`, `config_key`, `config_value`, `config_type`, `create_by`, `create_time`, `update_by`, `update_time`, `remark`) VALUES (7, '用户管理-初始密码修改策略', 'sys.account.initPasswordModify', '1', 'Y', 'admin', '2025-10-11 10:34:37', '', NULL, '0：初始密码修改策略关闭，没有任何提示，1：提醒用户，如果未修改初始密码，则在登录时就会提醒修改密码对话框');
INSERT INTO `sys_config` (`config_id`, `config_name`, `config_key`, `config_value`, `config_type`, `create_by`, `create_time`, `update_by`, `update_time`, `remark`) VALUES (8, '用户管理-账号密码更新周期', 'sys.account.passwordValidateDays', '0', 'Y', 'admin', '2025-10-11 10:34:37', '', NULL, '密码更新周期（填写数字，数据初始化值为0不限制，若修改必须为大于0小于365的正整数），如果超过这个周期登录系统时，则在登录时就会提醒修改密码对话框');
INSERT INTO `sys_dept` (`dept_id`, `parent_id`, `ancestors`, `dept_name`, `order_num`, `leader`, `phone`, `email`, `status`, `del_flag`, `create_by`, `create_time`, `update_by`, `update_time`) VALUES (100, 0, '0', '若依科技', 0, '若依', '15888888888', 'ry@qq.com', '0', '0', 'admin', '2025-10-11 10:34:35', '', NULL);
INSERT INTO `sys_dept` (`dept_id`, `parent_id`, `ancestors`, `dept_name`, `order_num`, `leader`, `phone`, `email`, `status`, `del_flag`, `create_by`, `create_time`, `update_by`, `update_time`) VALUES (101, 100, '0,100', '深圳总公司', 1, '若依', '15888888888', 'ry@qq.com', '0', '0', 'admin', '2025-10-11 10:34:35', '', NULL);
INSERT INTO `sys_dept` (`dept_id`, `parent_id`, `ancestors`, `dept_name`, `order_num`, `leader`, `phone`, `email`, `status`, `del_flag`, `create_by`, `create_time`, `update_by`, `update_time`) VALUES (102, 100, '0,100', '长沙分公司', 2, '若依', '15888888888', 'ry@qq.com', '0', '0', 'admin', '2025-10-11 10:34:35', '', NULL);
INSERT INTO `sys_dept` (`dept_id`, `parent_id`, `ancestors`, `dept_name`, `order_num`, `leader`, `phone`, `email`, `status`, `del_flag`, `create_by`, `create_time`, `update_by`, `update_time`) VALUES (103, 101, '0,100,101', '研发部门', 1, '若依', '15888888888', 'ry@qq.com', '0', '0', 'admin', '2025-10-11 10:34:35', '', NULL);
INSERT INTO `sys_dept` (`dept_id`, `parent_id`, `ancestors`, `dept_name`, `order_num`, `leader`, `phone`, `email`, `status`, `del_flag`, `create_by`, `create_time`, `update_by`, `update_time`) VALUES (104, 101, '0,100,101', '市场部门', 2, '若依', '15888888888', 'ry@qq.com', '0', '0', 'admin', '2025-10-11 10:34:35', '', NULL);
INSERT INTO `sys_dept` (`dept_id`, `parent_id`, `ancestors`, `dept_name`, `order_num`, `leader`, `phone`, `email`, `status`, `del_flag`, `create_by`, `create_time`, `update_by`, `update_time`) VALUES (105, 101, '0,100,101', '测试部门', 3, '若依', '15888888888', 'ry@qq.com', '0', '0', 'admin', '2025-10-11 10:34:35', '', NULL);
INSERT INTO `sys_dept` (`dept_id`, `parent_id`, `ancestors`, `dept_name`, `order_num`, `leader`, `phone`, `email`, `status`, `del_flag`, `create_by`, `create_time`, `update_by`, `update_time`) VALUES (106, 101, '0,100,101', '财务部门', 4, '若依', '15888888888', 'ry@qq.com', '0', '0', 'admin', '2025-10-11 10:34:35', '', NULL);
INSERT INTO `sys_dept` (`dept_id`, `parent_id`, `ancestors`, `dept_name`, `order_num`, `leader`, `phone`, `email`, `status`, `del_flag`, `create_by`, `create_time`, `update_by`, `update_time`) VALUES (107, 101, '0,100,101', '运维部门', 5, '若依', '15888888888', 'ry@qq.com', '0', '0', 'admin', '2025-10-11 10:34:35', '', NULL);
INSERT INTO `sys_dept` (`dept_id`, `parent_id`, `ancestors`, `dept_name`, `order_num`, `leader`, `phone`, `email`, `status`, `del_flag`, `create_by`, `create_time`, `update_by`, `update_time`) VALUES (108, 102, '0,100,102', '市场部门', 1, '若依', '15888888888', 'ry@qq.com', '0', '0', 'admin', '2025-10-11 10:34:35', '', NULL);
INSERT INTO `sys_dept` (`dept_id`, `parent_id`, `ancestors`, `dept_name`, `order_num`, `leader`, `phone`, `email`, `status`, `del_flag`, `create_by`, `create_time`, `update_by`, `update_time`) VALUES (109, 102, '0,100,102', '财务部门', 2, '若依', '15888888888', 'ry@qq.com', '0', '0', 'admin', '2025-10-11 10:34:35', '', NULL);
INSERT INTO `sys_dict_data` (`dict_code`, `dict_sort`, `dict_label`, `dict_value`, `dict_type`, `css_class`, `list_class`, `is_default`, `status`, `create_by`, `create_time`, `update_by`, `update_time`, `remark`) VALUES (1, 1, '男', '0', 'sys_user_sex', '', '', 'Y', '0', 'admin', '2025-10-11 10:34:37', '', NULL, '性别男');
INSERT INTO `sys_dict_data` (`dict_code`, `dict_sort`, `dict_label`, `dict_value`, `dict_type`, `css_class`, `list_class`, `is_default`, `status`, `create_by`, `create_time`, `update_by`, `update_time`, `remark`) VALUES (2, 2, '女', '1', 'sys_user_sex', '', '', 'N', '0', 'admin', '2025-10-11 10:34:37', '', NULL, '性别女');
INSERT INTO `sys_dict_data` (`dict_code`, `dict_sort`, `dict_label`, `dict_value`, `dict_type`, `css_class`, `list_class`, `is_default`, `status`, `create_by`, `create_time`, `update_by`, `update_time`, `remark`) VALUES (3, 3, '未知', '2', 'sys_user_sex', '', '', 'N', '0', 'admin', '2025-10-11 10:34:37', '', NULL, '性别未知');
INSERT INTO `sys_dict_data` (`dict_code`, `dict_sort`, `dict_label`, `dict_value`, `dict_type`, `css_class`, `list_class`, `is_default`, `status`, `create_by`, `create_time`, `update_by`, `update_time`, `remark`) VALUES (4, 1, '显示', '0', 'sys_show_hide', '', 'primary', 'Y', '0', 'admin', '2025-10-11 10:34:37', '', NULL, '显示菜单');
INSERT INTO `sys_dict_data` (`dict_code`, `dict_sort`, `dict_label`, `dict_value`, `dict_type`, `css_class`, `list_class`, `is_default`, `status`, `create_by`, `create_time`, `update_by`, `update_time`, `remark`) VALUES (5, 2, '隐藏', '1', 'sys_show_hide', '', 'danger', 'N', '0', 'admin', '2025-10-11 10:34:37', '', NULL, '隐藏菜单');
INSERT INTO `sys_dict_data` (`dict_code`, `dict_sort`, `dict_label`, `dict_value`, `dict_type`, `css_class`, `list_class`, `is_default`, `status`, `create_by`, `create_time`, `update_by`, `update_time`, `remark`) VALUES (6, 1, '正常', '0', 'sys_normal_disable', '', 'primary', 'Y', '0', 'admin', '2025-10-11 10:34:37', '', NULL, '正常状态');
INSERT INTO `sys_dict_data` (`dict_code`, `dict_sort`, `dict_label`, `dict_value`, `dict_type`, `css_class`, `list_class`, `is_default`, `status`, `create_by`, `create_time`, `update_by`, `update_time`, `remark`) VALUES (7, 2, '停用', '1', 'sys_normal_disable', '', 'danger', 'N', '0', 'admin', '2025-10-11 10:34:37', '', NULL, '停用状态');
INSERT INTO `sys_dict_data` (`dict_code`, `dict_sort`, `dict_label`, `dict_value`, `dict_type`, `css_class`, `list_class`, `is_default`, `status`, `create_by`, `create_time`, `update_by`, `update_time`, `remark`) VALUES (8, 1, '正常', '0', 'sys_job_status', '', 'primary', 'Y', '0', 'admin', '2025-10-11 10:34:37', '', NULL, '正常状态');
INSERT INTO `sys_dict_data` (`dict_code`, `dict_sort`, `dict_label`, `dict_value`, `dict_type`, `css_class`, `list_class`, `is_default`, `status`, `create_by`, `create_time`, `update_by`, `update_time`, `remark`) VALUES (9, 2, '暂停', '1', 'sys_job_status', '', 'danger', 'N', '0', 'admin', '2025-10-11 10:34:37', '', NULL, '停用状态');
INSERT INTO `sys_dict_data` (`dict_code`, `dict_sort`, `dict_label`, `dict_value`, `dict_type`, `css_class`, `list_class`, `is_default`, `status`, `create_by`, `create_time`, `update_by`, `update_time`, `remark`) VALUES (10, 1, '默认', 'DEFAULT', 'sys_job_group', '', '', 'Y', '0', 'admin', '2025-10-11 10:34:37', '', NULL, '默认分组');
INSERT INTO `sys_dict_data` (`dict_code`, `dict_sort`, `dict_label`, `dict_value`, `dict_type`, `css_class`, `list_class`, `is_default`, `status`, `create_by`, `create_time`, `update_by`, `update_time`, `remark`) VALUES (11, 2, '系统', 'SYSTEM', 'sys_job_group', '', '', 'N', '0', 'admin', '2025-10-11 10:34:37', '', NULL, '系统分组');
INSERT INTO `sys_dict_data` (`dict_code`, `dict_sort`, `dict_label`, `dict_value`, `dict_type`, `css_class`, `list_class`, `is_default`, `status`, `create_by`, `create_time`, `update_by`, `update_time`, `remark`) VALUES (12, 1, '是', 'Y', 'sys_yes_no', '', 'primary', 'Y', '0', 'admin', '2025-10-11 10:34:37', '', NULL, '系统默认是');
INSERT INTO `sys_dict_data` (`dict_code`, `dict_sort`, `dict_label`, `dict_value`, `dict_type`, `css_class`, `list_class`, `is_default`, `status`, `create_by`, `create_time`, `update_by`, `update_time`, `remark`) VALUES (13, 2, '否', 'N', 'sys_yes_no', '', 'danger', 'N', '0', 'admin', '2025-10-11 10:34:37', '', NULL, '系统默认否');
INSERT INTO `sys_dict_data` (`dict_code`, `dict_sort`, `dict_label`, `dict_value`, `dict_type`, `css_class`, `list_class`, `is_default`, `status`, `create_by`, `create_time`, `update_by`, `update_time`, `remark`) VALUES (14, 1, '通知', '1', 'sys_notice_type', '', 'warning', 'Y', '0', 'admin', '2025-10-11 10:34:37', '', NULL, '通知');
INSERT INTO `sys_dict_data` (`dict_code`, `dict_sort`, `dict_label`, `dict_value`, `dict_type`, `css_class`, `list_class`, `is_default`, `status`, `create_by`, `create_time`, `update_by`, `update_time`, `remark`) VALUES (15, 2, '公告', '2', 'sys_notice_type', '', 'success', 'N', '0', 'admin', '2025-10-11 10:34:37', '', NULL, '公告');
INSERT INTO `sys_dict_data` (`dict_code`, `dict_sort`, `dict_label`, `dict_value`, `dict_type`, `css_class`, `list_class`, `is_default`, `status`, `create_by`, `create_time`, `update_by`, `update_time`, `remark`) VALUES (16, 1, '正常', '0', 'sys_notice_status', '', 'primary', 'Y', '0', 'admin', '2025-10-11 10:34:37', '', NULL, '正常状态');
INSERT INTO `sys_dict_data` (`dict_code`, `dict_sort`, `dict_label`, `dict_value`, `dict_type`, `css_class`, `list_class`, `is_default`, `status`, `create_by`, `create_time`, `update_by`, `update_time`, `remark`) VALUES (17, 2, '关闭', '1', 'sys_notice_status', '', 'danger', 'N', '0', 'admin', '2025-10-11 10:34:37', '', NULL, '关闭状态');
INSERT INTO `sys_dict_data` (`dict_code`, `dict_sort`, `dict_label`, `dict_value`, `dict_type`, `css_class`, `list_class`, `is_default`, `status`, `create_by`, `create_time`, `update_by`, `update_time`, `remark`) VALUES (18, 99, '其他', '0', 'sys_oper_type', '', 'info', 'N', '0', 'admin', '2025-10-11 10:34:37', '', NULL, '其他操作');
INSERT INTO `sys_dict_data` (`dict_code`, `dict_sort`, `dict_label`, `dict_value`, `dict_type`, `css_class`, `list_class`, `is_default`, `status`, `create_by`, `create_time`, `update_by`, `update_time`, `remark`) VALUES (19, 1, '新增', '1', 'sys_oper_type', '', 'info', 'N', '0', 'admin', '2025-10-11 10:34:37', '', NULL, '新增操作');
INSERT INTO `sys_dict_data` (`dict_code`, `dict_sort`, `dict_label`, `dict_value`, `dict_type`, `css_class`, `list_class`, `is_default`, `status`, `create_by`, `create_time`, `update_by`, `update_time`, `remark`) VALUES (20, 2, '修改', '2', 'sys_oper_type', '', 'info', 'N', '0', 'admin', '2025-10-11 10:34:37', '', NULL, '修改操作');
INSERT INTO `sys_dict_data` (`dict_code`, `dict_sort`, `dict_label`, `dict_value`, `dict_type`, `css_class`, `list_class`, `is_default`, `status`, `create_by`, `create_time`, `update_by`, `update_time`, `remark`) VALUES (21, 3, '删除', '3', 'sys_oper_type', '', 'danger', 'N', '0', 'admin', '2025-10-11 10:34:37', '', NULL, '删除操作');
INSERT INTO `sys_dict_data` (`dict_code`, `dict_sort`, `dict_label`, `dict_value`, `dict_type`, `css_class`, `list_class`, `is_default`, `status`, `create_by`, `create_time`, `update_by`, `update_time`, `remark`) VALUES (22, 4, '授权', '4', 'sys_oper_type', '', 'primary', 'N', '0', 'admin', '2025-10-11 10:34:37', '', NULL, '授权操作');
INSERT INTO `sys_dict_data` (`dict_code`, `dict_sort`, `dict_label`, `dict_value`, `dict_type`, `css_class`, `list_class`, `is_default`, `status`, `create_by`, `create_time`, `update_by`, `update_time`, `remark`) VALUES (23, 5, '导出', '5', 'sys_oper_type', '', 'warning', 'N', '0', 'admin', '2025-10-11 10:34:37', '', NULL, '导出操作');
INSERT INTO `sys_dict_data` (`dict_code`, `dict_sort`, `dict_label`, `dict_value`, `dict_type`, `css_class`, `list_class`, `is_default`, `status`, `create_by`, `create_time`, `update_by`, `update_time`, `remark`) VALUES (24, 6, '导入', '6', 'sys_oper_type', '', 'warning', 'N', '0', 'admin', '2025-10-11 10:34:37', '', NULL, '导入操作');
INSERT INTO `sys_dict_data` (`dict_code`, `dict_sort`, `dict_label`, `dict_value`, `dict_type`, `css_class`, `list_class`, `is_default`, `status`, `create_by`, `create_time`, `update_by`, `update_time`, `remark`) VALUES (25, 7, '强退', '7', 'sys_oper_type', '', 'danger', 'N', '0', 'admin', '2025-10-11 10:34:37', '', NULL, '强退操作');
INSERT INTO `sys_dict_data` (`dict_code`, `dict_sort`, `dict_label`, `dict_value`, `dict_type`, `css_class`, `list_class`, `is_default`, `status`, `create_by`, `create_time`, `update_by`, `update_time`, `remark`) VALUES (26, 8, '生成代码', '8', 'sys_oper_type', '', 'warning', 'N', '0', 'admin', '2025-10-11 10:34:37', '', NULL, '生成操作');
INSERT INTO `sys_dict_data` (`dict_code`, `dict_sort`, `dict_label`, `dict_value`, `dict_type`, `css_class`, `list_class`, `is_default`, `status`, `create_by`, `create_time`, `update_by`, `update_time`, `remark`) VALUES (27, 9, '清空数据', '9', 'sys_oper_type', '', 'danger', 'N', '0', 'admin', '2025-10-11 10:34:37', '', NULL, '清空操作');
INSERT INTO `sys_dict_data` (`dict_code`, `dict_sort`, `dict_label`, `dict_value`, `dict_type`, `css_class`, `list_class`, `is_default`, `status`, `create_by`, `create_time`, `update_by`, `update_time`, `remark`) VALUES (28, 1, '成功', '0', 'sys_common_status', '', 'primary', 'N', '0', 'admin', '2025-10-11 10:34:37', '', NULL, '正常状态');
INSERT INTO `sys_dict_data` (`dict_code`, `dict_sort`, `dict_label`, `dict_value`, `dict_type`, `css_class`, `list_class`, `is_default`, `status`, `create_by`, `create_time`, `update_by`, `update_time`, `remark`) VALUES (29, 2, '失败', '1', 'sys_common_status', '', 'danger', 'N', '0', 'admin', '2025-10-11 10:34:37', '', NULL, '停用状态');
INSERT INTO `sys_dict_type` (`dict_id`, `dict_name`, `dict_type`, `status`, `create_by`, `create_time`, `update_by`, `update_time`, `remark`) VALUES (1, '用户性别', 'sys_user_sex', '0', 'admin', '2025-10-11 10:34:36', '', NULL, '用户性别列表');
INSERT INTO `sys_dict_type` (`dict_id`, `dict_name`, `dict_type`, `status`, `create_by`, `create_time`, `update_by`, `update_time`, `remark`) VALUES (2, '菜单状态', 'sys_show_hide', '0', 'admin', '2025-10-11 10:34:36', '', NULL, '菜单状态列表');
INSERT INTO `sys_dict_type` (`dict_id`, `dict_name`, `dict_type`, `status`, `create_by`, `create_time`, `update_by`, `update_time`, `remark`) VALUES (3, '系统开关', 'sys_normal_disable', '0', 'admin', '2025-10-11 10:34:36', '', NULL, '系统开关列表');
INSERT INTO `sys_dict_type` (`dict_id`, `dict_name`, `dict_type`, `status`, `create_by`, `create_time`, `update_by`, `update_time`, `remark`) VALUES (4, '任务状态', 'sys_job_status', '0', 'admin', '2025-10-11 10:34:36', '', NULL, '任务状态列表');
INSERT INTO `sys_dict_type` (`dict_id`, `dict_name`, `dict_type`, `status`, `create_by`, `create_time`, `update_by`, `update_time`, `remark`) VALUES (5, '任务分组', 'sys_job_group', '0', 'admin', '2025-10-11 10:34:36', '', NULL, '任务分组列表');
INSERT INTO `sys_dict_type` (`dict_id`, `dict_name`, `dict_type`, `status`, `create_by`, `create_time`, `update_by`, `update_time`, `remark`) VALUES (6, '系统是否', 'sys_yes_no', '0', 'admin', '2025-10-11 10:34:36', '', NULL, '系统是否列表');
INSERT INTO `sys_dict_type` (`dict_id`, `dict_name`, `dict_type`, `status`, `create_by`, `create_time`, `update_by`, `update_time`, `remark`) VALUES (7, '通知类型', 'sys_notice_type', '0', 'admin', '2025-10-11 10:34:36', '', NULL, '通知类型列表');
INSERT INTO `sys_dict_type` (`dict_id`, `dict_name`, `dict_type`, `status`, `create_by`, `create_time`, `update_by`, `update_time`, `remark`) VALUES (8, '通知状态', 'sys_notice_status', '0', 'admin', '2025-10-11 10:34:36', '', NULL, '通知状态列表');
INSERT INTO `sys_dict_type` (`dict_id`, `dict_name`, `dict_type`, `status`, `create_by`, `create_time`, `update_by`, `update_time`, `remark`) VALUES (9, '操作类型', 'sys_oper_type', '0', 'admin', '2025-10-11 10:34:36', '', NULL, '操作类型列表');
INSERT INTO `sys_dict_type` (`dict_id`, `dict_name`, `dict_type`, `status`, `create_by`, `create_time`, `update_by`, `update_time`, `remark`) VALUES (10, '系统状态', 'sys_common_status', '0', 'admin', '2025-10-11 10:34:36', '', NULL, '登录状态列表');
INSERT INTO `sys_job` (`job_id`, `job_name`, `job_group`, `invoke_target`, `cron_expression`, `misfire_policy`, `concurrent`, `status`, `create_by`, `create_time`, `update_by`, `update_time`, `remark`) VALUES (1, '系统默认（无参）', 'DEFAULT', 'ryTask.ryNoParams', '0/10 * * * * ?', '3', '1', '1', 'admin', '2025-10-11 10:34:37', '', NULL, '');
INSERT INTO `sys_job` (`job_id`, `job_name`, `job_group`, `invoke_target`, `cron_expression`, `misfire_policy`, `concurrent`, `status`, `create_by`, `create_time`, `update_by`, `update_time`, `remark`) VALUES (2, '系统默认（有参）', 'DEFAULT', 'ryTask.ryParams(\'ry\')', '0/15 * * * * ?', '3', '1', '1', 'admin', '2025-10-11 10:34:37', '', NULL, '');
INSERT INTO `sys_job` (`job_id`, `job_name`, `job_group`, `invoke_target`, `cron_expression`, `misfire_policy`, `concurrent`, `status`, `create_by`, `create_time`, `update_by`, `update_time`, `remark`) VALUES (3, '系统默认（多参）', 'DEFAULT', 'ryTask.ryMultipleParams(\'ry\', true, 2000L, 316.50D, 100)', '0/20 * * * * ?', '3', '1', '1', 'admin', '2025-10-11 10:34:37', '', NULL, '');
INSERT INTO `sys_logininfor` (`info_id`, `user_name`, `ipaddr`, `login_location`, `browser`, `os`, `status`, `msg`, `login_time`) VALUES (100, 'admin', '127.0.0.1', '内网IP', 'Chrome 14', 'Windows 10', '0', '登录成功', '2025-10-11 11:53:16');
INSERT INTO `sys_logininfor` (`info_id`, `user_name`, `ipaddr`, `login_location`, `browser`, `os`, `status`, `msg`, `login_time`) VALUES (101, 'admin', '127.0.0.1', '内网IP', 'Chrome 14', 'Windows 10', '0', '登录成功', '2025-10-12 22:10:42');
INSERT INTO `sys_logininfor` (`info_id`, `user_name`, `ipaddr`, `login_location`, `browser`, `os`, `status`, `msg`, `login_time`) VALUES (102, 'admin', '127.0.0.1', '内网IP', 'Chrome 14', 'Windows 10', '0', '登录成功', '2025-10-19 09:26:06');
INSERT INTO `sys_logininfor` (`info_id`, `user_name`, `ipaddr`, `login_location`, `browser`, `os`, `status`, `msg`, `login_time`) VALUES (103, 'admin', '127.0.0.1', '内网IP', 'Chrome 14', 'Windows 10', '0', '退出成功', '2025-10-19 11:00:03');
INSERT INTO `sys_logininfor` (`info_id`, `user_name`, `ipaddr`, `login_location`, `browser`, `os`, `status`, `msg`, `login_time`) VALUES (104, 'admin', '127.0.0.1', '内网IP', 'Chrome 14', 'Windows 10', '0', '登录成功', '2025-10-19 11:00:12');
INSERT INTO `sys_menu` (`menu_id`, `menu_name`, `parent_id`, `order_num`, `path`, `component`, `query`, `route_name`, `is_frame`, `is_cache`, `menu_type`, `visible`, `status`, `perms`, `icon`, `create_by`, `create_time`, `update_by`, `update_time`, `remark`) VALUES (1, '系统管理', 0, 1, 'system', NULL, '', '', 1, 0, 'M', '0', '0', '', 'system', 'admin', '2025-10-11 10:34:35', '', NULL, '系统管理目录');
INSERT INTO `sys_menu` (`menu_id`, `menu_name`, `parent_id`, `order_num`, `path`, `component`, `query`, `route_name`, `is_frame`, `is_cache`, `menu_type`, `visible`, `status`, `perms`, `icon`, `create_by`, `create_time`, `update_by`, `update_time`, `remark`) VALUES (2, '系统监控', 0, 2, 'monitor', NULL, '', '', 1, 0, 'M', '0', '0', '', 'monitor', 'admin', '2025-10-11 10:34:35', '', NULL, '系统监控目录');
INSERT INTO `sys_menu` (`menu_id`, `menu_name`, `parent_id`, `order_num`, `path`, `component`, `query`, `route_name`, `is_frame`, `is_cache`, `menu_type`, `visible`, `status`, `perms`, `icon`, `create_by`, `create_time`, `update_by`, `update_time`, `remark`) VALUES (3, '系统工具', 0, 3, 'tool', NULL, '', '', 1, 0, 'M', '0', '0', '', 'tool', 'admin', '2025-10-11 10:34:35', '', NULL, '系统工具目录');
INSERT INTO `sys_menu` (`menu_id`, `menu_name`, `parent_id`, `order_num`, `path`, `component`, `query`, `route_name`, `is_frame`, `is_cache`, `menu_type`, `visible`, `status`, `perms`, `icon`, `create_by`, `create_time`, `update_by`, `update_time`, `remark`) VALUES (4, '若依官网', 0, 4, 'http://ruoyi.vip', NULL, '', '', 0, 0, 'M', '0', '0', '', 'guide', 'admin', '2025-10-11 10:34:35', '', NULL, '若依官网地址');
INSERT INTO `sys_menu` (`menu_id`, `menu_name`, `parent_id`, `order_num`, `path`, `component`, `query`, `route_name`, `is_frame`, `is_cache`, `menu_type`, `visible`, `status`, `perms`, `icon`, `create_by`, `create_time`, `update_by`, `update_time`, `remark`) VALUES (100, '用户管理', 1, 1, 'user', 'system/user/index', '', '', 1, 0, 'C', '0', '0', 'system:user:list', 'user', 'admin', '2025-10-11 10:34:35', '', NULL, '用户管理菜单');
INSERT INTO `sys_menu` (`menu_id`, `menu_name`, `parent_id`, `order_num`, `path`, `component`, `query`, `route_name`, `is_frame`, `is_cache`, `menu_type`, `visible`, `status`, `perms`, `icon`, `create_by`, `create_time`, `update_by`, `update_time`, `remark`) VALUES (101, '角色管理', 1, 2, 'role', 'system/role/index', '', '', 1, 0, 'C', '0', '0', 'system:role:list', 'peoples', 'admin', '2025-10-11 10:34:35', '', NULL, '角色管理菜单');
INSERT INTO `sys_menu` (`menu_id`, `menu_name`, `parent_id`, `order_num`, `path`, `component`, `query`, `route_name`, `is_frame`, `is_cache`, `menu_type`, `visible`, `status`, `perms`, `icon`, `create_by`, `create_time`, `update_by`, `update_time`, `remark`) VALUES (102, '菜单管理', 1, 3, 'menu', 'system/menu/index', '', '', 1, 0, 'C', '0', '0', 'system:menu:list', 'tree-table', 'admin', '2025-10-11 10:34:35', '', NULL, '菜单管理菜单');
INSERT INTO `sys_menu` (`menu_id`, `menu_name`, `parent_id`, `order_num`, `path`, `component`, `query`, `route_name`, `is_frame`, `is_cache`, `menu_type`, `visible`, `status`, `perms`, `icon`, `create_by`, `create_time`, `update_by`, `update_time`, `remark`) VALUES (103, '部门管理', 1, 4, 'dept', 'system/dept/index', '', '', 1, 0, 'C', '0', '0', 'system:dept:list', 'tree', 'admin', '2025-10-11 10:34:35', '', NULL, '部门管理菜单');
INSERT INTO `sys_menu` (`menu_id`, `menu_name`, `parent_id`, `order_num`, `path`, `component`, `query`, `route_name`, `is_frame`, `is_cache`, `menu_type`, `visible`, `status`, `perms`, `icon`, `create_by`, `create_time`, `update_by`, `update_time`, `remark`) VALUES (104, '岗位管理', 1, 5, 'post', 'system/post/index', '', '', 1, 0, 'C', '0', '0', 'system:post:list', 'post', 'admin', '2025-10-11 10:34:35', '', NULL, '岗位管理菜单');
INSERT INTO `sys_menu` (`menu_id`, `menu_name`, `parent_id`, `order_num`, `path`, `component`, `query`, `route_name`, `is_frame`, `is_cache`, `menu_type`, `visible`, `status`, `perms`, `icon`, `create_by`, `create_time`, `update_by`, `update_time`, `remark`) VALUES (105, '字典管理', 1, 6, 'dict', 'system/dict/index', '', '', 1, 0, 'C', '0', '0', 'system:dict:list', 'dict', 'admin', '2025-10-11 10:34:35', '', NULL, '字典管理菜单');
INSERT INTO `sys_menu` (`menu_id`, `menu_name`, `parent_id`, `order_num`, `path`, `component`, `query`, `route_name`, `is_frame`, `is_cache`, `menu_type`, `visible`, `status`, `perms`, `icon`, `create_by`, `create_time`, `update_by`, `update_time`, `remark`) VALUES (106, '参数设置', 1, 7, 'config', 'system/config/index', '', '', 1, 0, 'C', '0', '0', 'system:config:list', 'edit', 'admin', '2025-10-11 10:34:35', '', NULL, '参数设置菜单');
INSERT INTO `sys_menu` (`menu_id`, `menu_name`, `parent_id`, `order_num`, `path`, `component`, `query`, `route_name`, `is_frame`, `is_cache`, `menu_type`, `visible`, `status`, `perms`, `icon`, `create_by`, `create_time`, `update_by`, `update_time`, `remark`) VALUES (107, '通知公告', 1, 8, 'notice', 'system/notice/index', '', '', 1, 0, 'C', '0', '0', 'system:notice:list', 'message', 'admin', '2025-10-11 10:34:35', '', NULL, '通知公告菜单');
INSERT INTO `sys_menu` (`menu_id`, `menu_name`, `parent_id`, `order_num`, `path`, `component`, `query`, `route_name`, `is_frame`, `is_cache`, `menu_type`, `visible`, `status`, `perms`, `icon`, `create_by`, `create_time`, `update_by`, `update_time`, `remark`) VALUES (108, '日志管理', 1, 9, 'log', '', '', '', 1, 0, 'M', '0', '0', '', 'log', 'admin', '2025-10-11 10:34:35', '', NULL, '日志管理菜单');
INSERT INTO `sys_menu` (`menu_id`, `menu_name`, `parent_id`, `order_num`, `path`, `component`, `query`, `route_name`, `is_frame`, `is_cache`, `menu_type`, `visible`, `status`, `perms`, `icon`, `create_by`, `create_time`, `update_by`, `update_time`, `remark`) VALUES (109, '在线用户', 2, 1, 'online', 'monitor/online/index', '', '', 1, 0, 'C', '0', '0', 'monitor:online:list', 'online', 'admin', '2025-10-11 10:34:35', '', NULL, '在线用户菜单');
INSERT INTO `sys_menu` (`menu_id`, `menu_name`, `parent_id`, `order_num`, `path`, `component`, `query`, `route_name`, `is_frame`, `is_cache`, `menu_type`, `visible`, `status`, `perms`, `icon`, `create_by`, `create_time`, `update_by`, `update_time`, `remark`) VALUES (110, '定时任务', 2, 2, 'job', 'monitor/job/index', '', '', 1, 0, 'C', '0', '0', 'monitor:job:list', 'job', 'admin', '2025-10-11 10:34:35', '', NULL, '定时任务菜单');
INSERT INTO `sys_menu` (`menu_id`, `menu_name`, `parent_id`, `order_num`, `path`, `component`, `query`, `route_name`, `is_frame`, `is_cache`, `menu_type`, `visible`, `status`, `perms`, `icon`, `create_by`, `create_time`, `update_by`, `update_time`, `remark`) VALUES (111, '数据监控', 2, 3, 'druid', 'monitor/druid/index', '', '', 1, 0, 'C', '0', '0', 'monitor:druid:list', 'druid', 'admin', '2025-10-11 10:34:35', '', NULL, '数据监控菜单');
INSERT INTO `sys_menu` (`menu_id`, `menu_name`, `parent_id`, `order_num`, `path`, `component`, `query`, `route_name`, `is_frame`, `is_cache`, `menu_type`, `visible`, `status`, `perms`, `icon`, `create_by`, `create_time`, `update_by`, `update_time`, `remark`) VALUES (112, '服务监控', 2, 4, 'server', 'monitor/server/index', '', '', 1, 0, 'C', '0', '0', 'monitor:server:list', 'server', 'admin', '2025-10-11 10:34:35', '', NULL, '服务监控菜单');
INSERT INTO `sys_menu` (`menu_id`, `menu_name`, `parent_id`, `order_num`, `path`, `component`, `query`, `route_name`, `is_frame`, `is_cache`, `menu_type`, `visible`, `status`, `perms`, `icon`, `create_by`, `create_time`, `update_by`, `update_time`, `remark`) VALUES (113, '缓存监控', 2, 5, 'cache', 'monitor/cache/index', '', '', 1, 0, 'C', '0', '0', 'monitor:cache:list', 'redis', 'admin', '2025-10-11 10:34:35', '', NULL, '缓存监控菜单');
INSERT INTO `sys_menu` (`menu_id`, `menu_name`, `parent_id`, `order_num`, `path`, `component`, `query`, `route_name`, `is_frame`, `is_cache`, `menu_type`, `visible`, `status`, `perms`, `icon`, `create_by`, `create_time`, `update_by`, `update_time`, `remark`) VALUES (114, '缓存列表', 2, 6, 'cacheList', 'monitor/cache/list', '', '', 1, 0, 'C', '0', '0', 'monitor:cache:list', 'redis-list', 'admin', '2025-10-11 10:34:35', '', NULL, '缓存列表菜单');
INSERT INTO `sys_menu` (`menu_id`, `menu_name`, `parent_id`, `order_num`, `path`, `component`, `query`, `route_name`, `is_frame`, `is_cache`, `menu_type`, `visible`, `status`, `perms`, `icon`, `create_by`, `create_time`, `update_by`, `update_time`, `remark`) VALUES (115, '表单构建', 3, 1, 'build', 'tool/build/index', '', '', 1, 0, 'C', '0', '0', 'tool:build:list', 'build', 'admin', '2025-10-11 10:34:35', '', NULL, '表单构建菜单');
INSERT INTO `sys_menu` (`menu_id`, `menu_name`, `parent_id`, `order_num`, `path`, `component`, `query`, `route_name`, `is_frame`, `is_cache`, `menu_type`, `visible`, `status`, `perms`, `icon`, `create_by`, `create_time`, `update_by`, `update_time`, `remark`) VALUES (116, '代码生成', 3, 2, 'gen', 'tool/gen/index', '', '', 1, 0, 'C', '0', '0', 'tool:gen:list', 'code', 'admin', '2025-10-11 10:34:35', '', NULL, '代码生成菜单');
INSERT INTO `sys_menu` (`menu_id`, `menu_name`, `parent_id`, `order_num`, `path`, `component`, `query`, `route_name`, `is_frame`, `is_cache`, `menu_type`, `visible`, `status`, `perms`, `icon`, `create_by`, `create_time`, `update_by`, `update_time`, `remark`) VALUES (117, '系统接口', 3, 3, 'swagger', 'tool/swagger/index', '', '', 1, 0, 'C', '0', '0', 'tool:swagger:list', 'swagger', 'admin', '2025-10-11 10:34:35', '', NULL, '系统接口菜单');
INSERT INTO `sys_menu` (`menu_id`, `menu_name`, `parent_id`, `order_num`, `path`, `component`, `query`, `route_name`, `is_frame`, `is_cache`, `menu_type`, `visible`, `status`, `perms`, `icon`, `create_by`, `create_time`, `update_by`, `update_time`, `remark`) VALUES (500, '操作日志', 108, 1, 'operlog', 'monitor/operlog/index', '', '', 1, 0, 'C', '0', '0', 'monitor:operlog:list', 'form', 'admin', '2025-10-11 10:34:35', '', NULL, '操作日志菜单');
INSERT INTO `sys_menu` (`menu_id`, `menu_name`, `parent_id`, `order_num`, `path`, `component`, `query`, `route_name`, `is_frame`, `is_cache`, `menu_type`, `visible`, `status`, `perms`, `icon`, `create_by`, `create_time`, `update_by`, `update_time`, `remark`) VALUES (501, '登录日志', 108, 2, 'logininfor', 'monitor/logininfor/index', '', '', 1, 0, 'C', '0', '0', 'monitor:logininfor:list', 'logininfor', 'admin', '2025-10-11 10:34:35', '', NULL, '登录日志菜单');
INSERT INTO `sys_menu` (`menu_id`, `menu_name`, `parent_id`, `order_num`, `path`, `component`, `query`, `route_name`, `is_frame`, `is_cache`, `menu_type`, `visible`, `status`, `perms`, `icon`, `create_by`, `create_time`, `update_by`, `update_time`, `remark`) VALUES (1000, '用户查询', 100, 1, '', '', '', '', 1, 0, 'F', '0', '0', 'system:user:query', '#', 'admin', '2025-10-11 10:34:35', '', NULL, '');
INSERT INTO `sys_menu` (`menu_id`, `menu_name`, `parent_id`, `order_num`, `path`, `component`, `query`, `route_name`, `is_frame`, `is_cache`, `menu_type`, `visible`, `status`, `perms`, `icon`, `create_by`, `create_time`, `update_by`, `update_time`, `remark`) VALUES (1001, '用户新增', 100, 2, '', '', '', '', 1, 0, 'F', '0', '0', 'system:user:add', '#', 'admin', '2025-10-11 10:34:35', '', NULL, '');
INSERT INTO `sys_menu` (`menu_id`, `menu_name`, `parent_id`, `order_num`, `path`, `component`, `query`, `route_name`, `is_frame`, `is_cache`, `menu_type`, `visible`, `status`, `perms`, `icon`, `create_by`, `create_time`, `update_by`, `update_time`, `remark`) VALUES (1002, '用户修改', 100, 3, '', '', '', '', 1, 0, 'F', '0', '0', 'system:user:edit', '#', 'admin', '2025-10-11 10:34:35', '', NULL, '');
INSERT INTO `sys_menu` (`menu_id`, `menu_name`, `parent_id`, `order_num`, `path`, `component`, `query`, `route_name`, `is_frame`, `is_cache`, `menu_type`, `visible`, `status`, `perms`, `icon`, `create_by`, `create_time`, `update_by`, `update_time`, `remark`) VALUES (1003, '用户删除', 100, 4, '', '', '', '', 1, 0, 'F', '0', '0', 'system:user:remove', '#', 'admin', '2025-10-11 10:34:35', '', NULL, '');
INSERT INTO `sys_menu` (`menu_id`, `menu_name`, `parent_id`, `order_num`, `path`, `component`, `query`, `route_name`, `is_frame`, `is_cache`, `menu_type`, `visible`, `status`, `perms`, `icon`, `create_by`, `create_time`, `update_by`, `update_time`, `remark`) VALUES (1004, '用户导出', 100, 5, '', '', '', '', 1, 0, 'F', '0', '0', 'system:user:export', '#', 'admin', '2025-10-11 10:34:35', '', NULL, '');
INSERT INTO `sys_menu` (`menu_id`, `menu_name`, `parent_id`, `order_num`, `path`, `component`, `query`, `route_name`, `is_frame`, `is_cache`, `menu_type`, `visible`, `status`, `perms`, `icon`, `create_by`, `create_time`, `update_by`, `update_time`, `remark`) VALUES (1005, '用户导入', 100, 6, '', '', '', '', 1, 0, 'F', '0', '0', 'system:user:import', '#', 'admin', '2025-10-11 10:34:35', '', NULL, '');
INSERT INTO `sys_menu` (`menu_id`, `menu_name`, `parent_id`, `order_num`, `path`, `component`, `query`, `route_name`, `is_frame`, `is_cache`, `menu_type`, `visible`, `status`, `perms`, `icon`, `create_by`, `create_time`, `update_by`, `update_time`, `remark`) VALUES (1006, '重置密码', 100, 7, '', '', '', '', 1, 0, 'F', '0', '0', 'system:user:resetPwd', '#', 'admin', '2025-10-11 10:34:35', '', NULL, '');
INSERT INTO `sys_menu` (`menu_id`, `menu_name`, `parent_id`, `order_num`, `path`, `component`, `query`, `route_name`, `is_frame`, `is_cache`, `menu_type`, `visible`, `status`, `perms`, `icon`, `create_by`, `create_time`, `update_by`, `update_time`, `remark`) VALUES (1007, '角色查询', 101, 1, '', '', '', '', 1, 0, 'F', '0', '0', 'system:role:query', '#', 'admin', '2025-10-11 10:34:35', '', NULL, '');
INSERT INTO `sys_menu` (`menu_id`, `menu_name`, `parent_id`, `order_num`, `path`, `component`, `query`, `route_name`, `is_frame`, `is_cache`, `menu_type`, `visible`, `status`, `perms`, `icon`, `create_by`, `create_time`, `update_by`, `update_time`, `remark`) VALUES (1008, '角色新增', 101, 2, '', '', '', '', 1, 0, 'F', '0', '0', 'system:role:add', '#', 'admin', '2025-10-11 10:34:35', '', NULL, '');
INSERT INTO `sys_menu` (`menu_id`, `menu_name`, `parent_id`, `order_num`, `path`, `component`, `query`, `route_name`, `is_frame`, `is_cache`, `menu_type`, `visible`, `status`, `perms`, `icon`, `create_by`, `create_time`, `update_by`, `update_time`, `remark`) VALUES (1009, '角色修改', 101, 3, '', '', '', '', 1, 0, 'F', '0', '0', 'system:role:edit', '#', 'admin', '2025-10-11 10:34:35', '', NULL, '');
INSERT INTO `sys_menu` (`menu_id`, `menu_name`, `parent_id`, `order_num`, `path`, `component`, `query`, `route_name`, `is_frame`, `is_cache`, `menu_type`, `visible`, `status`, `perms`, `icon`, `create_by`, `create_time`, `update_by`, `update_time`, `remark`) VALUES (1010, '角色删除', 101, 4, '', '', '', '', 1, 0, 'F', '0', '0', 'system:role:remove', '#', 'admin', '2025-10-11 10:34:35', '', NULL, '');
INSERT INTO `sys_menu` (`menu_id`, `menu_name`, `parent_id`, `order_num`, `path`, `component`, `query`, `route_name`, `is_frame`, `is_cache`, `menu_type`, `visible`, `status`, `perms`, `icon`, `create_by`, `create_time`, `update_by`, `update_time`, `remark`) VALUES (1011, '角色导出', 101, 5, '', '', '', '', 1, 0, 'F', '0', '0', 'system:role:export', '#', 'admin', '2025-10-11 10:34:35', '', NULL, '');
INSERT INTO `sys_menu` (`menu_id`, `menu_name`, `parent_id`, `order_num`, `path`, `component`, `query`, `route_name`, `is_frame`, `is_cache`, `menu_type`, `visible`, `status`, `perms`, `icon`, `create_by`, `create_time`, `update_by`, `update_time`, `remark`) VALUES (1012, '菜单查询', 102, 1, '', '', '', '', 1, 0, 'F', '0', '0', 'system:menu:query', '#', 'admin', '2025-10-11 10:34:35', '', NULL, '');
INSERT INTO `sys_menu` (`menu_id`, `menu_name`, `parent_id`, `order_num`, `path`, `component`, `query`, `route_name`, `is_frame`, `is_cache`, `menu_type`, `visible`, `status`, `perms`, `icon`, `create_by`, `create_time`, `update_by`, `update_time`, `remark`) VALUES (1013, '菜单新增', 102, 2, '', '', '', '', 1, 0, 'F', '0', '0', 'system:menu:add', '#', 'admin', '2025-10-11 10:34:35', '', NULL, '');
INSERT INTO `sys_menu` (`menu_id`, `menu_name`, `parent_id`, `order_num`, `path`, `component`, `query`, `route_name`, `is_frame`, `is_cache`, `menu_type`, `visible`, `status`, `perms`, `icon`, `create_by`, `create_time`, `update_by`, `update_time`, `remark`) VALUES (1014, '菜单修改', 102, 3, '', '', '', '', 1, 0, 'F', '0', '0', 'system:menu:edit', '#', 'admin', '2025-10-11 10:34:35', '', NULL, '');
INSERT INTO `sys_menu` (`menu_id`, `menu_name`, `parent_id`, `order_num`, `path`, `component`, `query`, `route_name`, `is_frame`, `is_cache`, `menu_type`, `visible`, `status`, `perms`, `icon`, `create_by`, `create_time`, `update_by`, `update_time`, `remark`) VALUES (1015, '菜单删除', 102, 4, '', '', '', '', 1, 0, 'F', '0', '0', 'system:menu:remove', '#', 'admin', '2025-10-11 10:34:35', '', NULL, '');
INSERT INTO `sys_menu` (`menu_id`, `menu_name`, `parent_id`, `order_num`, `path`, `component`, `query`, `route_name`, `is_frame`, `is_cache`, `menu_type`, `visible`, `status`, `perms`, `icon`, `create_by`, `create_time`, `update_by`, `update_time`, `remark`) VALUES (1016, '部门查询', 103, 1, '', '', '', '', 1, 0, 'F', '0', '0', 'system:dept:query', '#', 'admin', '2025-10-11 10:34:35', '', NULL, '');
INSERT INTO `sys_menu` (`menu_id`, `menu_name`, `parent_id`, `order_num`, `path`, `component`, `query`, `route_name`, `is_frame`, `is_cache`, `menu_type`, `visible`, `status`, `perms`, `icon`, `create_by`, `create_time`, `update_by`, `update_time`, `remark`) VALUES (1017, '部门新增', 103, 2, '', '', '', '', 1, 0, 'F', '0', '0', 'system:dept:add', '#', 'admin', '2025-10-11 10:34:35', '', NULL, '');
INSERT INTO `sys_menu` (`menu_id`, `menu_name`, `parent_id`, `order_num`, `path`, `component`, `query`, `route_name`, `is_frame`, `is_cache`, `menu_type`, `visible`, `status`, `perms`, `icon`, `create_by`, `create_time`, `update_by`, `update_time`, `remark`) VALUES (1018, '部门修改', 103, 3, '', '', '', '', 1, 0, 'F', '0', '0', 'system:dept:edit', '#', 'admin', '2025-10-11 10:34:35', '', NULL, '');
INSERT INTO `sys_menu` (`menu_id`, `menu_name`, `parent_id`, `order_num`, `path`, `component`, `query`, `route_name`, `is_frame`, `is_cache`, `menu_type`, `visible`, `status`, `perms`, `icon`, `create_by`, `create_time`, `update_by`, `update_time`, `remark`) VALUES (1019, '部门删除', 103, 4, '', '', '', '', 1, 0, 'F', '0', '0', 'system:dept:remove', '#', 'admin', '2025-10-11 10:34:35', '', NULL, '');
INSERT INTO `sys_menu` (`menu_id`, `menu_name`, `parent_id`, `order_num`, `path`, `component`, `query`, `route_name`, `is_frame`, `is_cache`, `menu_type`, `visible`, `status`, `perms`, `icon`, `create_by`, `create_time`, `update_by`, `update_time`, `remark`) VALUES (1020, '岗位查询', 104, 1, '', '', '', '', 1, 0, 'F', '0', '0', 'system:post:query', '#', 'admin', '2025-10-11 10:34:35', '', NULL, '');
INSERT INTO `sys_menu` (`menu_id`, `menu_name`, `parent_id`, `order_num`, `path`, `component`, `query`, `route_name`, `is_frame`, `is_cache`, `menu_type`, `visible`, `status`, `perms`, `icon`, `create_by`, `create_time`, `update_by`, `update_time`, `remark`) VALUES (1021, '岗位新增', 104, 2, '', '', '', '', 1, 0, 'F', '0', '0', 'system:post:add', '#', 'admin', '2025-10-11 10:34:35', '', NULL, '');
INSERT INTO `sys_menu` (`menu_id`, `menu_name`, `parent_id`, `order_num`, `path`, `component`, `query`, `route_name`, `is_frame`, `is_cache`, `menu_type`, `visible`, `status`, `perms`, `icon`, `create_by`, `create_time`, `update_by`, `update_time`, `remark`) VALUES (1022, '岗位修改', 104, 3, '', '', '', '', 1, 0, 'F', '0', '0', 'system:post:edit', '#', 'admin', '2025-10-11 10:34:35', '', NULL, '');
INSERT INTO `sys_menu` (`menu_id`, `menu_name`, `parent_id`, `order_num`, `path`, `component`, `query`, `route_name`, `is_frame`, `is_cache`, `menu_type`, `visible`, `status`, `perms`, `icon`, `create_by`, `create_time`, `update_by`, `update_time`, `remark`) VALUES (1023, '岗位删除', 104, 4, '', '', '', '', 1, 0, 'F', '0', '0', 'system:post:remove', '#', 'admin', '2025-10-11 10:34:35', '', NULL, '');
INSERT INTO `sys_menu` (`menu_id`, `menu_name`, `parent_id`, `order_num`, `path`, `component`, `query`, `route_name`, `is_frame`, `is_cache`, `menu_type`, `visible`, `status`, `perms`, `icon`, `create_by`, `create_time`, `update_by`, `update_time`, `remark`) VALUES (1024, '岗位导出', 104, 5, '', '', '', '', 1, 0, 'F', '0', '0', 'system:post:export', '#', 'admin', '2025-10-11 10:34:35', '', NULL, '');
INSERT INTO `sys_menu` (`menu_id`, `menu_name`, `parent_id`, `order_num`, `path`, `component`, `query`, `route_name`, `is_frame`, `is_cache`, `menu_type`, `visible`, `status`, `perms`, `icon`, `create_by`, `create_time`, `update_by`, `update_time`, `remark`) VALUES (1025, '字典查询', 105, 1, '#', '', '', '', 1, 0, 'F', '0', '0', 'system:dict:query', '#', 'admin', '2025-10-11 10:34:35', '', NULL, '');
INSERT INTO `sys_menu` (`menu_id`, `menu_name`, `parent_id`, `order_num`, `path`, `component`, `query`, `route_name`, `is_frame`, `is_cache`, `menu_type`, `visible`, `status`, `perms`, `icon`, `create_by`, `create_time`, `update_by`, `update_time`, `remark`) VALUES (1026, '字典新增', 105, 2, '#', '', '', '', 1, 0, 'F', '0', '0', 'system:dict:add', '#', 'admin', '2025-10-11 10:34:35', '', NULL, '');
INSERT INTO `sys_menu` (`menu_id`, `menu_name`, `parent_id`, `order_num`, `path`, `component`, `query`, `route_name`, `is_frame`, `is_cache`, `menu_type`, `visible`, `status`, `perms`, `icon`, `create_by`, `create_time`, `update_by`, `update_time`, `remark`) VALUES (1027, '字典修改', 105, 3, '#', '', '', '', 1, 0, 'F', '0', '0', 'system:dict:edit', '#', 'admin', '2025-10-11 10:34:35', '', NULL, '');
INSERT INTO `sys_menu` (`menu_id`, `menu_name`, `parent_id`, `order_num`, `path`, `component`, `query`, `route_name`, `is_frame`, `is_cache`, `menu_type`, `visible`, `status`, `perms`, `icon`, `create_by`, `create_time`, `update_by`, `update_time`, `remark`) VALUES (1028, '字典删除', 105, 4, '#', '', '', '', 1, 0, 'F', '0', '0', 'system:dict:remove', '#', 'admin', '2025-10-11 10:34:35', '', NULL, '');
INSERT INTO `sys_menu` (`menu_id`, `menu_name`, `parent_id`, `order_num`, `path`, `component`, `query`, `route_name`, `is_frame`, `is_cache`, `menu_type`, `visible`, `status`, `perms`, `icon`, `create_by`, `create_time`, `update_by`, `update_time`, `remark`) VALUES (1029, '字典导出', 105, 5, '#', '', '', '', 1, 0, 'F', '0', '0', 'system:dict:export', '#', 'admin', '2025-10-11 10:34:35', '', NULL, '');
INSERT INTO `sys_menu` (`menu_id`, `menu_name`, `parent_id`, `order_num`, `path`, `component`, `query`, `route_name`, `is_frame`, `is_cache`, `menu_type`, `visible`, `status`, `perms`, `icon`, `create_by`, `create_time`, `update_by`, `update_time`, `remark`) VALUES (1030, '参数查询', 106, 1, '#', '', '', '', 1, 0, 'F', '0', '0', 'system:config:query', '#', 'admin', '2025-10-11 10:34:35', '', NULL, '');
INSERT INTO `sys_menu` (`menu_id`, `menu_name`, `parent_id`, `order_num`, `path`, `component`, `query`, `route_name`, `is_frame`, `is_cache`, `menu_type`, `visible`, `status`, `perms`, `icon`, `create_by`, `create_time`, `update_by`, `update_time`, `remark`) VALUES (1031, '参数新增', 106, 2, '#', '', '', '', 1, 0, 'F', '0', '0', 'system:config:add', '#', 'admin', '2025-10-11 10:34:35', '', NULL, '');
INSERT INTO `sys_menu` (`menu_id`, `menu_name`, `parent_id`, `order_num`, `path`, `component`, `query`, `route_name`, `is_frame`, `is_cache`, `menu_type`, `visible`, `status`, `perms`, `icon`, `create_by`, `create_time`, `update_by`, `update_time`, `remark`) VALUES (1032, '参数修改', 106, 3, '#', '', '', '', 1, 0, 'F', '0', '0', 'system:config:edit', '#', 'admin', '2025-10-11 10:34:35', '', NULL, '');
INSERT INTO `sys_menu` (`menu_id`, `menu_name`, `parent_id`, `order_num`, `path`, `component`, `query`, `route_name`, `is_frame`, `is_cache`, `menu_type`, `visible`, `status`, `perms`, `icon`, `create_by`, `create_time`, `update_by`, `update_time`, `remark`) VALUES (1033, '参数删除', 106, 4, '#', '', '', '', 1, 0, 'F', '0', '0', 'system:config:remove', '#', 'admin', '2025-10-11 10:34:35', '', NULL, '');
INSERT INTO `sys_menu` (`menu_id`, `menu_name`, `parent_id`, `order_num`, `path`, `component`, `query`, `route_name`, `is_frame`, `is_cache`, `menu_type`, `visible`, `status`, `perms`, `icon`, `create_by`, `create_time`, `update_by`, `update_time`, `remark`) VALUES (1034, '参数导出', 106, 5, '#', '', '', '', 1, 0, 'F', '0', '0', 'system:config:export', '#', 'admin', '2025-10-11 10:34:35', '', NULL, '');
INSERT INTO `sys_menu` (`menu_id`, `menu_name`, `parent_id`, `order_num`, `path`, `component`, `query`, `route_name`, `is_frame`, `is_cache`, `menu_type`, `visible`, `status`, `perms`, `icon`, `create_by`, `create_time`, `update_by`, `update_time`, `remark`) VALUES (1035, '公告查询', 107, 1, '#', '', '', '', 1, 0, 'F', '0', '0', 'system:notice:query', '#', 'admin', '2025-10-11 10:34:35', '', NULL, '');
INSERT INTO `sys_menu` (`menu_id`, `menu_name`, `parent_id`, `order_num`, `path`, `component`, `query`, `route_name`, `is_frame`, `is_cache`, `menu_type`, `visible`, `status`, `perms`, `icon`, `create_by`, `create_time`, `update_by`, `update_time`, `remark`) VALUES (1036, '公告新增', 107, 2, '#', '', '', '', 1, 0, 'F', '0', '0', 'system:notice:add', '#', 'admin', '2025-10-11 10:34:35', '', NULL, '');
INSERT INTO `sys_menu` (`menu_id`, `menu_name`, `parent_id`, `order_num`, `path`, `component`, `query`, `route_name`, `is_frame`, `is_cache`, `menu_type`, `visible`, `status`, `perms`, `icon`, `create_by`, `create_time`, `update_by`, `update_time`, `remark`) VALUES (1037, '公告修改', 107, 3, '#', '', '', '', 1, 0, 'F', '0', '0', 'system:notice:edit', '#', 'admin', '2025-10-11 10:34:35', '', NULL, '');
INSERT INTO `sys_menu` (`menu_id`, `menu_name`, `parent_id`, `order_num`, `path`, `component`, `query`, `route_name`, `is_frame`, `is_cache`, `menu_type`, `visible`, `status`, `perms`, `icon`, `create_by`, `create_time`, `update_by`, `update_time`, `remark`) VALUES (1038, '公告删除', 107, 4, '#', '', '', '', 1, 0, 'F', '0', '0', 'system:notice:remove', '#', 'admin', '2025-10-11 10:34:36', '', NULL, '');
INSERT INTO `sys_menu` (`menu_id`, `menu_name`, `parent_id`, `order_num`, `path`, `component`, `query`, `route_name`, `is_frame`, `is_cache`, `menu_type`, `visible`, `status`, `perms`, `icon`, `create_by`, `create_time`, `update_by`, `update_time`, `remark`) VALUES (1039, '操作查询', 500, 1, '#', '', '', '', 1, 0, 'F', '0', '0', 'monitor:operlog:query', '#', 'admin', '2025-10-11 10:34:36', '', NULL, '');
INSERT INTO `sys_menu` (`menu_id`, `menu_name`, `parent_id`, `order_num`, `path`, `component`, `query`, `route_name`, `is_frame`, `is_cache`, `menu_type`, `visible`, `status`, `perms`, `icon`, `create_by`, `create_time`, `update_by`, `update_time`, `remark`) VALUES (1040, '操作删除', 500, 2, '#', '', '', '', 1, 0, 'F', '0', '0', 'monitor:operlog:remove', '#', 'admin', '2025-10-11 10:34:36', '', NULL, '');
INSERT INTO `sys_menu` (`menu_id`, `menu_name`, `parent_id`, `order_num`, `path`, `component`, `query`, `route_name`, `is_frame`, `is_cache`, `menu_type`, `visible`, `status`, `perms`, `icon`, `create_by`, `create_time`, `update_by`, `update_time`, `remark`) VALUES (1041, '日志导出', 500, 3, '#', '', '', '', 1, 0, 'F', '0', '0', 'monitor:operlog:export', '#', 'admin', '2025-10-11 10:34:36', '', NULL, '');
INSERT INTO `sys_menu` (`menu_id`, `menu_name`, `parent_id`, `order_num`, `path`, `component`, `query`, `route_name`, `is_frame`, `is_cache`, `menu_type`, `visible`, `status`, `perms`, `icon`, `create_by`, `create_time`, `update_by`, `update_time`, `remark`) VALUES (1042, '登录查询', 501, 1, '#', '', '', '', 1, 0, 'F', '0', '0', 'monitor:logininfor:query', '#', 'admin', '2025-10-11 10:34:36', '', NULL, '');
INSERT INTO `sys_menu` (`menu_id`, `menu_name`, `parent_id`, `order_num`, `path`, `component`, `query`, `route_name`, `is_frame`, `is_cache`, `menu_type`, `visible`, `status`, `perms`, `icon`, `create_by`, `create_time`, `update_by`, `update_time`, `remark`) VALUES (1043, '登录删除', 501, 2, '#', '', '', '', 1, 0, 'F', '0', '0', 'monitor:logininfor:remove', '#', 'admin', '2025-10-11 10:34:36', '', NULL, '');
INSERT INTO `sys_menu` (`menu_id`, `menu_name`, `parent_id`, `order_num`, `path`, `component`, `query`, `route_name`, `is_frame`, `is_cache`, `menu_type`, `visible`, `status`, `perms`, `icon`, `create_by`, `create_time`, `update_by`, `update_time`, `remark`) VALUES (1044, '日志导出', 501, 3, '#', '', '', '', 1, 0, 'F', '0', '0', 'monitor:logininfor:export', '#', 'admin', '2025-10-11 10:34:36', '', NULL, '');
INSERT INTO `sys_menu` (`menu_id`, `menu_name`, `parent_id`, `order_num`, `path`, `component`, `query`, `route_name`, `is_frame`, `is_cache`, `menu_type`, `visible`, `status`, `perms`, `icon`, `create_by`, `create_time`, `update_by`, `update_time`, `remark`) VALUES (1045, '账户解锁', 501, 4, '#', '', '', '', 1, 0, 'F', '0', '0', 'monitor:logininfor:unlock', '#', 'admin', '2025-10-11 10:34:36', '', NULL, '');
INSERT INTO `sys_menu` (`menu_id`, `menu_name`, `parent_id`, `order_num`, `path`, `component`, `query`, `route_name`, `is_frame`, `is_cache`, `menu_type`, `visible`, `status`, `perms`, `icon`, `create_by`, `create_time`, `update_by`, `update_time`, `remark`) VALUES (1046, '在线查询', 109, 1, '#', '', '', '', 1, 0, 'F', '0', '0', 'monitor:online:query', '#', 'admin', '2025-10-11 10:34:36', '', NULL, '');
INSERT INTO `sys_menu` (`menu_id`, `menu_name`, `parent_id`, `order_num`, `path`, `component`, `query`, `route_name`, `is_frame`, `is_cache`, `menu_type`, `visible`, `status`, `perms`, `icon`, `create_by`, `create_time`, `update_by`, `update_time`, `remark`) VALUES (1047, '批量强退', 109, 2, '#', '', '', '', 1, 0, 'F', '0', '0', 'monitor:online:batchLogout', '#', 'admin', '2025-10-11 10:34:36', '', NULL, '');
INSERT INTO `sys_menu` (`menu_id`, `menu_name`, `parent_id`, `order_num`, `path`, `component`, `query`, `route_name`, `is_frame`, `is_cache`, `menu_type`, `visible`, `status`, `perms`, `icon`, `create_by`, `create_time`, `update_by`, `update_time`, `remark`) VALUES (1048, '单条强退', 109, 3, '#', '', '', '', 1, 0, 'F', '0', '0', 'monitor:online:forceLogout', '#', 'admin', '2025-10-11 10:34:36', '', NULL, '');
INSERT INTO `sys_menu` (`menu_id`, `menu_name`, `parent_id`, `order_num`, `path`, `component`, `query`, `route_name`, `is_frame`, `is_cache`, `menu_type`, `visible`, `status`, `perms`, `icon`, `create_by`, `create_time`, `update_by`, `update_time`, `remark`) VALUES (1049, '任务查询', 110, 1, '#', '', '', '', 1, 0, 'F', '0', '0', 'monitor:job:query', '#', 'admin', '2025-10-11 10:34:36', '', NULL, '');
INSERT INTO `sys_menu` (`menu_id`, `menu_name`, `parent_id`, `order_num`, `path`, `component`, `query`, `route_name`, `is_frame`, `is_cache`, `menu_type`, `visible`, `status`, `perms`, `icon`, `create_by`, `create_time`, `update_by`, `update_time`, `remark`) VALUES (1050, '任务新增', 110, 2, '#', '', '', '', 1, 0, 'F', '0', '0', 'monitor:job:add', '#', 'admin', '2025-10-11 10:34:36', '', NULL, '');
INSERT INTO `sys_menu` (`menu_id`, `menu_name`, `parent_id`, `order_num`, `path`, `component`, `query`, `route_name`, `is_frame`, `is_cache`, `menu_type`, `visible`, `status`, `perms`, `icon`, `create_by`, `create_time`, `update_by`, `update_time`, `remark`) VALUES (1051, '任务修改', 110, 3, '#', '', '', '', 1, 0, 'F', '0', '0', 'monitor:job:edit', '#', 'admin', '2025-10-11 10:34:36', '', NULL, '');
INSERT INTO `sys_menu` (`menu_id`, `menu_name`, `parent_id`, `order_num`, `path`, `component`, `query`, `route_name`, `is_frame`, `is_cache`, `menu_type`, `visible`, `status`, `perms`, `icon`, `create_by`, `create_time`, `update_by`, `update_time`, `remark`) VALUES (1052, '任务删除', 110, 4, '#', '', '', '', 1, 0, 'F', '0', '0', 'monitor:job:remove', '#', 'admin', '2025-10-11 10:34:36', '', NULL, '');
INSERT INTO `sys_menu` (`menu_id`, `menu_name`, `parent_id`, `order_num`, `path`, `component`, `query`, `route_name`, `is_frame`, `is_cache`, `menu_type`, `visible`, `status`, `perms`, `icon`, `create_by`, `create_time`, `update_by`, `update_time`, `remark`) VALUES (1053, '状态修改', 110, 5, '#', '', '', '', 1, 0, 'F', '0', '0', 'monitor:job:changeStatus', '#', 'admin', '2025-10-11 10:34:36', '', NULL, '');
INSERT INTO `sys_menu` (`menu_id`, `menu_name`, `parent_id`, `order_num`, `path`, `component`, `query`, `route_name`, `is_frame`, `is_cache`, `menu_type`, `visible`, `status`, `perms`, `icon`, `create_by`, `create_time`, `update_by`, `update_time`, `remark`) VALUES (1054, '任务导出', 110, 6, '#', '', '', '', 1, 0, 'F', '0', '0', 'monitor:job:export', '#', 'admin', '2025-10-11 10:34:36', '', NULL, '');
INSERT INTO `sys_menu` (`menu_id`, `menu_name`, `parent_id`, `order_num`, `path`, `component`, `query`, `route_name`, `is_frame`, `is_cache`, `menu_type`, `visible`, `status`, `perms`, `icon`, `create_by`, `create_time`, `update_by`, `update_time`, `remark`) VALUES (1055, '生成查询', 116, 1, '#', '', '', '', 1, 0, 'F', '0', '0', 'tool:gen:query', '#', 'admin', '2025-10-11 10:34:36', '', NULL, '');
INSERT INTO `sys_menu` (`menu_id`, `menu_name`, `parent_id`, `order_num`, `path`, `component`, `query`, `route_name`, `is_frame`, `is_cache`, `menu_type`, `visible`, `status`, `perms`, `icon`, `create_by`, `create_time`, `update_by`, `update_time`, `remark`) VALUES (1056, '生成修改', 116, 2, '#', '', '', '', 1, 0, 'F', '0', '0', 'tool:gen:edit', '#', 'admin', '2025-10-11 10:34:36', '', NULL, '');
INSERT INTO `sys_menu` (`menu_id`, `menu_name`, `parent_id`, `order_num`, `path`, `component`, `query`, `route_name`, `is_frame`, `is_cache`, `menu_type`, `visible`, `status`, `perms`, `icon`, `create_by`, `create_time`, `update_by`, `update_time`, `remark`) VALUES (1057, '生成删除', 116, 3, '#', '', '', '', 1, 0, 'F', '0', '0', 'tool:gen:remove', '#', 'admin', '2025-10-11 10:34:36', '', NULL, '');
INSERT INTO `sys_menu` (`menu_id`, `menu_name`, `parent_id`, `order_num`, `path`, `component`, `query`, `route_name`, `is_frame`, `is_cache`, `menu_type`, `visible`, `status`, `perms`, `icon`, `create_by`, `create_time`, `update_by`, `update_time`, `remark`) VALUES (1058, '导入代码', 116, 4, '#', '', '', '', 1, 0, 'F', '0', '0', 'tool:gen:import', '#', 'admin', '2025-10-11 10:34:36', '', NULL, '');
INSERT INTO `sys_menu` (`menu_id`, `menu_name`, `parent_id`, `order_num`, `path`, `component`, `query`, `route_name`, `is_frame`, `is_cache`, `menu_type`, `visible`, `status`, `perms`, `icon`, `create_by`, `create_time`, `update_by`, `update_time`, `remark`) VALUES (1059, '预览代码', 116, 5, '#', '', '', '', 1, 0, 'F', '0', '0', 'tool:gen:preview', '#', 'admin', '2025-10-11 10:34:36', '', NULL, '');
INSERT INTO `sys_menu` (`menu_id`, `menu_name`, `parent_id`, `order_num`, `path`, `component`, `query`, `route_name`, `is_frame`, `is_cache`, `menu_type`, `visible`, `status`, `perms`, `icon`, `create_by`, `create_time`, `update_by`, `update_time`, `remark`) VALUES (1060, '生成代码', 116, 6, '#', '', '', '', 1, 0, 'F', '0', '0', 'tool:gen:code', '#', 'admin', '2025-10-11 10:34:36', '', NULL, '');
INSERT INTO `sys_menu` (`menu_id`, `menu_name`, `parent_id`, `order_num`, `path`, `component`, `query`, `route_name`, `is_frame`, `is_cache`, `menu_type`, `visible`, `status`, `perms`, `icon`, `create_by`, `create_time`, `update_by`, `update_time`, `remark`) VALUES (2000, '工资管理', 0, 0, 'company', NULL, NULL, '', 1, 0, 'M', '0', '0', NULL, 'peoples', 'admin', '2025-10-11 10:59:04', '', NULL, '');
INSERT INTO `sys_menu` (`menu_id`, `menu_name`, `parent_id`, `order_num`, `path`, `component`, `query`, `route_name`, `is_frame`, `is_cache`, `menu_type`, `visible`, `status`, `perms`, `icon`, `create_by`, `create_time`, `update_by`, `update_time`, `remark`) VALUES (2001, '部门信息', 2000, 1, 'department', 'department/department/index', NULL, '', 1, 0, 'C', '0', '0', 'department:department:list', '#', 'admin', '2025-10-11 11:20:37', '', NULL, '部门信息菜单');
INSERT INTO `sys_menu` (`menu_id`, `menu_name`, `parent_id`, `order_num`, `path`, `component`, `query`, `route_name`, `is_frame`, `is_cache`, `menu_type`, `visible`, `status`, `perms`, `icon`, `create_by`, `create_time`, `update_by`, `update_time`, `remark`) VALUES (2002, '部门信息查询', 2001, 1, '#', '', NULL, '', 1, 0, 'F', '0', '0', 'department:department:query', '#', 'admin', '2025-10-11 11:20:37', '', NULL, '');
INSERT INTO `sys_menu` (`menu_id`, `menu_name`, `parent_id`, `order_num`, `path`, `component`, `query`, `route_name`, `is_frame`, `is_cache`, `menu_type`, `visible`, `status`, `perms`, `icon`, `create_by`, `create_time`, `update_by`, `update_time`, `remark`) VALUES (2003, '部门信息新增', 2001, 2, '#', '', NULL, '', 1, 0, 'F', '0', '0', 'department:department:add', '#', 'admin', '2025-10-11 11:20:37', '', NULL, '');
INSERT INTO `sys_menu` (`menu_id`, `menu_name`, `parent_id`, `order_num`, `path`, `component`, `query`, `route_name`, `is_frame`, `is_cache`, `menu_type`, `visible`, `status`, `perms`, `icon`, `create_by`, `create_time`, `update_by`, `update_time`, `remark`) VALUES (2004, '部门信息修改', 2001, 3, '#', '', NULL, '', 1, 0, 'F', '0', '0', 'department:department:edit', '#', 'admin', '2025-10-11 11:20:37', '', NULL, '');
INSERT INTO `sys_menu` (`menu_id`, `menu_name`, `parent_id`, `order_num`, `path`, `component`, `query`, `route_name`, `is_frame`, `is_cache`, `menu_type`, `visible`, `status`, `perms`, `icon`, `create_by`, `create_time`, `update_by`, `update_time`, `remark`) VALUES (2005, '部门信息删除', 2001, 4, '#', '', NULL, '', 1, 0, 'F', '0', '0', 'department:department:remove', '#', 'admin', '2025-10-11 11:20:37', '', NULL, '');
INSERT INTO `sys_menu` (`menu_id`, `menu_name`, `parent_id`, `order_num`, `path`, `component`, `query`, `route_name`, `is_frame`, `is_cache`, `menu_type`, `visible`, `status`, `perms`, `icon`, `create_by`, `create_time`, `update_by`, `update_time`, `remark`) VALUES (2006, '部门信息导出', 2001, 5, '#', '', NULL, '', 1, 0, 'F', '0', '0', 'department:department:export', '#', 'admin', '2025-10-11 11:20:37', '', NULL, '');
INSERT INTO `sys_menu` (`menu_id`, `menu_name`, `parent_id`, `order_num`, `path`, `component`, `query`, `route_name`, `is_frame`, `is_cache`, `menu_type`, `visible`, `status`, `perms`, `icon`, `create_by`, `create_time`, `update_by`, `update_time`, `remark`) VALUES (2007, '员工基本信息', 2000, 1, 'employee', 'employee/employee/index', NULL, '', 1, 0, 'C', '0', '0', 'employee:employee:list', '#', 'admin', '2025-10-11 11:20:37', '', NULL, '员工基本信息菜单');
INSERT INTO `sys_menu` (`menu_id`, `menu_name`, `parent_id`, `order_num`, `path`, `component`, `query`, `route_name`, `is_frame`, `is_cache`, `menu_type`, `visible`, `status`, `perms`, `icon`, `create_by`, `create_time`, `update_by`, `update_time`, `remark`) VALUES (2008, '员工基本信息查询', 2007, 1, '#', '', NULL, '', 1, 0, 'F', '0', '0', 'employee:employee:query', '#', 'admin', '2025-10-11 11:20:37', '', NULL, '');
INSERT INTO `sys_menu` (`menu_id`, `menu_name`, `parent_id`, `order_num`, `path`, `component`, `query`, `route_name`, `is_frame`, `is_cache`, `menu_type`, `visible`, `status`, `perms`, `icon`, `create_by`, `create_time`, `update_by`, `update_time`, `remark`) VALUES (2009, '员工基本信息新增', 2007, 2, '#', '', NULL, '', 1, 0, 'F', '0', '0', 'employee:employee:add', '#', 'admin', '2025-10-11 11:20:37', '', NULL, '');
INSERT INTO `sys_menu` (`menu_id`, `menu_name`, `parent_id`, `order_num`, `path`, `component`, `query`, `route_name`, `is_frame`, `is_cache`, `menu_type`, `visible`, `status`, `perms`, `icon`, `create_by`, `create_time`, `update_by`, `update_time`, `remark`) VALUES (2010, '员工基本信息修改', 2007, 3, '#', '', NULL, '', 1, 0, 'F', '0', '0', 'employee:employee:edit', '#', 'admin', '2025-10-11 11:20:37', '', NULL, '');
INSERT INTO `sys_menu` (`menu_id`, `menu_name`, `parent_id`, `order_num`, `path`, `component`, `query`, `route_name`, `is_frame`, `is_cache`, `menu_type`, `visible`, `status`, `perms`, `icon`, `create_by`, `create_time`, `update_by`, `update_time`, `remark`) VALUES (2011, '员工基本信息删除', 2007, 4, '#', '', NULL, '', 1, 0, 'F', '0', '0', 'employee:employee:remove', '#', 'admin', '2025-10-11 11:20:37', '', NULL, '');
INSERT INTO `sys_menu` (`menu_id`, `menu_name`, `parent_id`, `order_num`, `path`, `component`, `query`, `route_name`, `is_frame`, `is_cache`, `menu_type`, `visible`, `status`, `perms`, `icon`, `create_by`, `create_time`, `update_by`, `update_time`, `remark`) VALUES (2012, '员工基本信息导出', 2007, 5, '#', '', NULL, '', 1, 0, 'F', '0', '0', 'employee:employee:export', '#', 'admin', '2025-10-11 11:20:37', '', NULL, '');
INSERT INTO `sys_menu` (`menu_id`, `menu_name`, `parent_id`, `order_num`, `path`, `component`, `query`, `route_name`, `is_frame`, `is_cache`, `menu_type`, `visible`, `status`, `perms`, `icon`, `create_by`, `create_time`, `update_by`, `update_time`, `remark`) VALUES (2013, '职务信息', 2000, 1, 'jobposition', 'jobposition/jobposition/index', NULL, '', 1, 0, 'C', '0', '0', 'jobposition:jobposition:list', '#', 'admin', '2025-10-11 11:20:37', '', NULL, '职务信息菜单');
INSERT INTO `sys_menu` (`menu_id`, `menu_name`, `parent_id`, `order_num`, `path`, `component`, `query`, `route_name`, `is_frame`, `is_cache`, `menu_type`, `visible`, `status`, `perms`, `icon`, `create_by`, `create_time`, `update_by`, `update_time`, `remark`) VALUES (2014, '职务信息查询', 2013, 1, '#', '', NULL, '', 1, 0, 'F', '0', '0', 'jobposition:jobposition:query', '#', 'admin', '2025-10-11 11:20:37', '', NULL, '');
INSERT INTO `sys_menu` (`menu_id`, `menu_name`, `parent_id`, `order_num`, `path`, `component`, `query`, `route_name`, `is_frame`, `is_cache`, `menu_type`, `visible`, `status`, `perms`, `icon`, `create_by`, `create_time`, `update_by`, `update_time`, `remark`) VALUES (2015, '职务信息新增', 2013, 2, '#', '', NULL, '', 1, 0, 'F', '0', '0', 'jobposition:jobposition:add', '#', 'admin', '2025-10-11 11:20:37', '', NULL, '');
INSERT INTO `sys_menu` (`menu_id`, `menu_name`, `parent_id`, `order_num`, `path`, `component`, `query`, `route_name`, `is_frame`, `is_cache`, `menu_type`, `visible`, `status`, `perms`, `icon`, `create_by`, `create_time`, `update_by`, `update_time`, `remark`) VALUES (2016, '职务信息修改', 2013, 3, '#', '', NULL, '', 1, 0, 'F', '0', '0', 'jobposition:jobposition:edit', '#', 'admin', '2025-10-11 11:20:37', '', NULL, '');
INSERT INTO `sys_menu` (`menu_id`, `menu_name`, `parent_id`, `order_num`, `path`, `component`, `query`, `route_name`, `is_frame`, `is_cache`, `menu_type`, `visible`, `status`, `perms`, `icon`, `create_by`, `create_time`, `update_by`, `update_time`, `remark`) VALUES (2017, '职务信息删除', 2013, 4, '#', '', NULL, '', 1, 0, 'F', '0', '0', 'jobposition:jobposition:remove', '#', 'admin', '2025-10-11 11:20:37', '', NULL, '');
INSERT INTO `sys_menu` (`menu_id`, `menu_name`, `parent_id`, `order_num`, `path`, `component`, `query`, `route_name`, `is_frame`, `is_cache`, `menu_type`, `visible`, `status`, `perms`, `icon`, `create_by`, `create_time`, `update_by`, `update_time`, `remark`) VALUES (2018, '职务信息导出', 2013, 5, '#', '', NULL, '', 1, 0, 'F', '0', '0', 'jobposition:jobposition:export', '#', 'admin', '2025-10-11 11:20:37', '', NULL, '');
INSERT INTO `sys_menu` (`menu_id`, `menu_name`, `parent_id`, `order_num`, `path`, `component`, `query`, `route_name`, `is_frame`, `is_cache`, `menu_type`, `visible`, `status`, `perms`, `icon`, `create_by`, `create_time`, `update_by`, `update_time`, `remark`) VALUES (2019, '员工工资信息', 2000, 1, 'salaryinfo', 'salaryinfo/salaryinfo/index', NULL, '', 1, 0, 'C', '0', '0', 'salaryinfo:salaryinfo:list', '#', 'admin', '2025-10-11 11:20:37', '', NULL, '员工工资信息菜单');
INSERT INTO `sys_menu` (`menu_id`, `menu_name`, `parent_id`, `order_num`, `path`, `component`, `query`, `route_name`, `is_frame`, `is_cache`, `menu_type`, `visible`, `status`, `perms`, `icon`, `create_by`, `create_time`, `update_by`, `update_time`, `remark`) VALUES (2020, '员工工资信息查询', 2019, 1, '#', '', NULL, '', 1, 0, 'F', '0', '0', 'salaryinfo:salaryinfo:query', '#', 'admin', '2025-10-11 11:20:37', '', NULL, '');
INSERT INTO `sys_menu` (`menu_id`, `menu_name`, `parent_id`, `order_num`, `path`, `component`, `query`, `route_name`, `is_frame`, `is_cache`, `menu_type`, `visible`, `status`, `perms`, `icon`, `create_by`, `create_time`, `update_by`, `update_time`, `remark`) VALUES (2021, '员工工资信息新增', 2019, 2, '#', '', NULL, '', 1, 0, 'F', '0', '0', 'salaryinfo:salaryinfo:add', '#', 'admin', '2025-10-11 11:20:37', '', NULL, '');
INSERT INTO `sys_menu` (`menu_id`, `menu_name`, `parent_id`, `order_num`, `path`, `component`, `query`, `route_name`, `is_frame`, `is_cache`, `menu_type`, `visible`, `status`, `perms`, `icon`, `create_by`, `create_time`, `update_by`, `update_time`, `remark`) VALUES (2022, '员工工资信息修改', 2019, 3, '#', '', NULL, '', 1, 0, 'F', '0', '0', 'salaryinfo:salaryinfo:edit', '#', 'admin', '2025-10-11 11:20:37', '', NULL, '');
INSERT INTO `sys_menu` (`menu_id`, `menu_name`, `parent_id`, `order_num`, `path`, `component`, `query`, `route_name`, `is_frame`, `is_cache`, `menu_type`, `visible`, `status`, `perms`, `icon`, `create_by`, `create_time`, `update_by`, `update_time`, `remark`) VALUES (2023, '员工工资信息删除', 2019, 4, '#', '', NULL, '', 1, 0, 'F', '0', '0', 'salaryinfo:salaryinfo:remove', '#', 'admin', '2025-10-11 11:20:37', '', NULL, '');
INSERT INTO `sys_menu` (`menu_id`, `menu_name`, `parent_id`, `order_num`, `path`, `component`, `query`, `route_name`, `is_frame`, `is_cache`, `menu_type`, `visible`, `status`, `perms`, `icon`, `create_by`, `create_time`, `update_by`, `update_time`, `remark`) VALUES (2024, '员工工资信息导出', 2019, 5, '#', '', NULL, '', 1, 0, 'F', '0', '0', 'salaryinfo:salaryinfo:export', '#', 'admin', '2025-10-11 11:20:37', '', NULL, '');
INSERT INTO `sys_menu` (`menu_id`, `menu_name`, `parent_id`, `order_num`, `path`, `component`, `query`, `route_name`, `is_frame`, `is_cache`, `menu_type`, `visible`, `status`, `perms`, `icon`, `create_by`, `create_time`, `update_by`, `update_time`, `remark`) VALUES (2025, '工资标准', 2000, 1, 'salarystandard', 'salarystandard/salarystandard/index', NULL, '', 1, 0, 'C', '0', '0', 'salarystandard:salarystandard:list', '#', 'admin', '2025-10-11 11:20:37', '', NULL, '工资标准菜单');
INSERT INTO `sys_menu` (`menu_id`, `menu_name`, `parent_id`, `order_num`, `path`, `component`, `query`, `route_name`, `is_frame`, `is_cache`, `menu_type`, `visible`, `status`, `perms`, `icon`, `create_by`, `create_time`, `update_by`, `update_time`, `remark`) VALUES (2026, '工资标准查询', 2025, 1, '#', '', NULL, '', 1, 0, 'F', '0', '0', 'salarystandard:salarystandard:query', '#', 'admin', '2025-10-11 11:20:37', '', NULL, '');
INSERT INTO `sys_menu` (`menu_id`, `menu_name`, `parent_id`, `order_num`, `path`, `component`, `query`, `route_name`, `is_frame`, `is_cache`, `menu_type`, `visible`, `status`, `perms`, `icon`, `create_by`, `create_time`, `update_by`, `update_time`, `remark`) VALUES (2027, '工资标准新增', 2025, 2, '#', '', NULL, '', 1, 0, 'F', '0', '0', 'salarystandard:salarystandard:add', '#', 'admin', '2025-10-11 11:20:37', '', NULL, '');
INSERT INTO `sys_menu` (`menu_id`, `menu_name`, `parent_id`, `order_num`, `path`, `component`, `query`, `route_name`, `is_frame`, `is_cache`, `menu_type`, `visible`, `status`, `perms`, `icon`, `create_by`, `create_time`, `update_by`, `update_time`, `remark`) VALUES (2028, '工资标准修改', 2025, 3, '#', '', NULL, '', 1, 0, 'F', '0', '0', 'salarystandard:salarystandard:edit', '#', 'admin', '2025-10-11 11:20:37', '', NULL, '');
INSERT INTO `sys_menu` (`menu_id`, `menu_name`, `parent_id`, `order_num`, `path`, `component`, `query`, `route_name`, `is_frame`, `is_cache`, `menu_type`, `visible`, `status`, `perms`, `icon`, `create_by`, `create_time`, `update_by`, `update_time`, `remark`) VALUES (2029, '工资标准删除', 2025, 4, '#', '', NULL, '', 1, 0, 'F', '0', '0', 'salarystandard:salarystandard:remove', '#', 'admin', '2025-10-11 11:20:37', '', NULL, '');
INSERT INTO `sys_menu` (`menu_id`, `menu_name`, `parent_id`, `order_num`, `path`, `component`, `query`, `route_name`, `is_frame`, `is_cache`, `menu_type`, `visible`, `status`, `perms`, `icon`, `create_by`, `create_time`, `update_by`, `update_time`, `remark`) VALUES (2030, '工资标准导出', 2025, 5, '#', '', NULL, '', 1, 0, 'F', '0', '0', 'salarystandard:salarystandard:export', '#', 'admin', '2025-10-11 11:20:37', '', NULL, '');
INSERT INTO `sys_menu` (`menu_id`, `menu_name`, `parent_id`, `order_num`, `path`, `component`, `query`, `route_name`, `is_frame`, `is_cache`, `menu_type`, `visible`, `status`, `perms`, `icon`, `create_by`, `create_time`, `update_by`, `update_time`, `remark`) VALUES (2031, '系统管理员', 2000, 1, 'admin', 'admin/admin/index', NULL, '', 1, 0, 'C', '0', '0', 'admin:admin:list', '#', 'admin', '2025-10-11 11:20:37', '', NULL, '系统管理员菜单');
INSERT INTO `sys_menu` (`menu_id`, `menu_name`, `parent_id`, `order_num`, `path`, `component`, `query`, `route_name`, `is_frame`, `is_cache`, `menu_type`, `visible`, `status`, `perms`, `icon`, `create_by`, `create_time`, `update_by`, `update_time`, `remark`) VALUES (2032, '系统管理员查询', 2031, 1, '#', '', NULL, '', 1, 0, 'F', '0', '0', 'admin:admin:query', '#', 'admin', '2025-10-11 11:20:37', '', NULL, '');
INSERT INTO `sys_menu` (`menu_id`, `menu_name`, `parent_id`, `order_num`, `path`, `component`, `query`, `route_name`, `is_frame`, `is_cache`, `menu_type`, `visible`, `status`, `perms`, `icon`, `create_by`, `create_time`, `update_by`, `update_time`, `remark`) VALUES (2033, '系统管理员新增', 2031, 2, '#', '', NULL, '', 1, 0, 'F', '0', '0', 'admin:admin:add', '#', 'admin', '2025-10-11 11:20:37', '', NULL, '');
INSERT INTO `sys_menu` (`menu_id`, `menu_name`, `parent_id`, `order_num`, `path`, `component`, `query`, `route_name`, `is_frame`, `is_cache`, `menu_type`, `visible`, `status`, `perms`, `icon`, `create_by`, `create_time`, `update_by`, `update_time`, `remark`) VALUES (2034, '系统管理员修改', 2031, 3, '#', '', NULL, '', 1, 0, 'F', '0', '0', 'admin:admin:edit', '#', 'admin', '2025-10-11 11:20:37', '', NULL, '');
INSERT INTO `sys_menu` (`menu_id`, `menu_name`, `parent_id`, `order_num`, `path`, `component`, `query`, `route_name`, `is_frame`, `is_cache`, `menu_type`, `visible`, `status`, `perms`, `icon`, `create_by`, `create_time`, `update_by`, `update_time`, `remark`) VALUES (2035, '系统管理员删除', 2031, 4, '#', '', NULL, '', 1, 0, 'F', '0', '0', 'admin:admin:remove', '#', 'admin', '2025-10-11 11:20:37', '', NULL, '');
INSERT INTO `sys_menu` (`menu_id`, `menu_name`, `parent_id`, `order_num`, `path`, `component`, `query`, `route_name`, `is_frame`, `is_cache`, `menu_type`, `visible`, `status`, `perms`, `icon`, `create_by`, `create_time`, `update_by`, `update_time`, `remark`) VALUES (2036, '系统管理员导出', 2031, 5, '#', '', NULL, '', 1, 0, 'F', '0', '0', 'admin:admin:export', '#', 'admin', '2025-10-11 11:20:37', '', NULL, '');
INSERT INTO `sys_menu` (`menu_id`, `menu_name`, `parent_id`, `order_num`, `path`, `component`, `query`, `route_name`, `is_frame`, `is_cache`, `menu_type`, `visible`, `status`, `perms`, `icon`, `create_by`, `create_time`, `update_by`, `update_time`, `remark`) VALUES (2037, '员工考勤信息', 2000, 1, 'attendance', 'attendance/attendance/index', NULL, '', 1, 0, 'C', '0', '0', 'attendance:attendance:list', '#', 'admin', '2025-10-11 11:20:37', '', NULL, '员工考勤信息菜单');
INSERT INTO `sys_menu` (`menu_id`, `menu_name`, `parent_id`, `order_num`, `path`, `component`, `query`, `route_name`, `is_frame`, `is_cache`, `menu_type`, `visible`, `status`, `perms`, `icon`, `create_by`, `create_time`, `update_by`, `update_time`, `remark`) VALUES (2038, '员工考勤信息查询', 2037, 1, '#', '', NULL, '', 1, 0, 'F', '0', '0', 'attendance:attendance:query', '#', 'admin', '2025-10-11 11:20:37', '', NULL, '');
INSERT INTO `sys_menu` (`menu_id`, `menu_name`, `parent_id`, `order_num`, `path`, `component`, `query`, `route_name`, `is_frame`, `is_cache`, `menu_type`, `visible`, `status`, `perms`, `icon`, `create_by`, `create_time`, `update_by`, `update_time`, `remark`) VALUES (2039, '员工考勤信息新增', 2037, 2, '#', '', NULL, '', 1, 0, 'F', '0', '0', 'attendance:attendance:add', '#', 'admin', '2025-10-11 11:20:37', '', NULL, '');
INSERT INTO `sys_menu` (`menu_id`, `menu_name`, `parent_id`, `order_num`, `path`, `component`, `query`, `route_name`, `is_frame`, `is_cache`, `menu_type`, `visible`, `status`, `perms`, `icon`, `create_by`, `create_time`, `update_by`, `update_time`, `remark`) VALUES (2040, '员工考勤信息修改', 2037, 3, '#', '', NULL, '', 1, 0, 'F', '0', '0', 'attendance:attendance:edit', '#', 'admin', '2025-10-11 11:20:37', '', NULL, '');
INSERT INTO `sys_menu` (`menu_id`, `menu_name`, `parent_id`, `order_num`, `path`, `component`, `query`, `route_name`, `is_frame`, `is_cache`, `menu_type`, `visible`, `status`, `perms`, `icon`, `create_by`, `create_time`, `update_by`, `update_time`, `remark`) VALUES (2041, '员工考勤信息删除', 2037, 4, '#', '', NULL, '', 1, 0, 'F', '0', '0', 'attendance:attendance:remove', '#', 'admin', '2025-10-11 11:20:37', '', NULL, '');
INSERT INTO `sys_menu` (`menu_id`, `menu_name`, `parent_id`, `order_num`, `path`, `component`, `query`, `route_name`, `is_frame`, `is_cache`, `menu_type`, `visible`, `status`, `perms`, `icon`, `create_by`, `create_time`, `update_by`, `update_time`, `remark`) VALUES (2042, '员工考勤信息导出', 2037, 5, '#', '', NULL, '', 1, 0, 'F', '0', '0', 'attendance:attendance:export', '#', 'admin', '2025-10-11 11:20:37', '', NULL, '');
INSERT INTO `sys_menu` (`menu_id`, `menu_name`, `parent_id`, `order_num`, `path`, `component`, `query`, `route_name`, `is_frame`, `is_cache`, `menu_type`, `visible`, `status`, `perms`, `icon`, `create_by`, `create_time`, `update_by`, `update_time`, `remark`) VALUES (2043, '测试', 2000, 0, 'test', 'dashboard/BarChart', NULL, 'test', 1, 0, 'C', '0', '0', NULL, 'component', 'admin', '2025-10-12 22:14:11', '', NULL, '');
INSERT INTO `sys_notice` (`notice_id`, `notice_title`, `notice_type`, `notice_content`, `status`, `create_by`, `create_time`, `update_by`, `update_time`, `remark`) VALUES (1, '温馨提醒：2018-07-01 若依新版本发布啦', '2', 0xE696B0E78988E69CACE58685E5AEB9, '0', 'admin', '2025-10-11 10:34:37', '', NULL, '管理员');
INSERT INTO `sys_notice` (`notice_id`, `notice_title`, `notice_type`, `notice_content`, `status`, `create_by`, `create_time`, `update_by`, `update_time`, `remark`) VALUES (2, '维护通知：2018-07-01 若依系统凌晨维护', '1', 0xE7BBB4E68AA4E58685E5AEB9, '0', 'admin', '2025-10-11 10:34:37', '', NULL, '管理员');
INSERT INTO `sys_oper_log` (`oper_id`, `title`, `business_type`, `method`, `request_method`, `operator_type`, `oper_name`, `dept_name`, `oper_url`, `oper_ip`, `oper_location`, `oper_param`, `json_result`, `status`, `error_msg`, `oper_time`, `cost_time`) VALUES (100, '代码生成', 6, 'com.ruoyi.generator.controller.GenController.importTableSave()', 'POST', 1, 'admin', '研发部门', '/tool/gen/importTable', '127.0.0.1', '内网IP', '{\"tables\":\"admin,department,employee,jobposition,salaryinfo,attendance,salarystandard\"}', '{\"msg\":\"操作成功\",\"code\":200}', 0, NULL, '2025-10-11 10:57:03', 640);
INSERT INTO `sys_oper_log` (`oper_id`, `title`, `business_type`, `method`, `request_method`, `operator_type`, `oper_name`, `dept_name`, `oper_url`, `oper_ip`, `oper_location`, `oper_param`, `json_result`, `status`, `error_msg`, `oper_time`, `cost_time`) VALUES (101, '菜单管理', 1, 'com.ruoyi.web.controller.system.SysMenuController.add()', 'POST', 1, 'admin', '研发部门', '/system/menu', '127.0.0.1', '内网IP', '{\"children\":[],\"createBy\":\"admin\",\"icon\":\"peoples\",\"isCache\":\"0\",\"isFrame\":\"1\",\"menuName\":\"工资管理\",\"menuType\":\"M\",\"orderNum\":0,\"params\":{},\"parentId\":0,\"path\":\"company\",\"status\":\"0\",\"visible\":\"0\"}', '{\"msg\":\"操作成功\",\"code\":200}', 0, NULL, '2025-10-11 10:59:04', 34);
INSERT INTO `sys_oper_log` (`oper_id`, `title`, `business_type`, `method`, `request_method`, `operator_type`, `oper_name`, `dept_name`, `oper_url`, `oper_ip`, `oper_location`, `oper_param`, `json_result`, `status`, `error_msg`, `oper_time`, `cost_time`) VALUES (102, '代码生成', 2, 'com.ruoyi.generator.controller.GenController.editSave()', 'PUT', 1, 'admin', '研发部门', '/tool/gen', '127.0.0.1', '内网IP', '{\"businessName\":\"jobposition\",\"className\":\"Jobposition\",\"columns\":[{\"capJavaField\":\"PosId\",\"columnComment\":\"职位编号\",\"columnId\":19,\"columnName\":\"pos_id\",\"columnType\":\"int\",\"createBy\":\"admin\",\"createTime\":\"2025-10-11 10:57:03\",\"dictType\":\"\",\"edit\":false,\"htmlType\":\"input\",\"increment\":true,\"insert\":true,\"isIncrement\":\"1\",\"isInsert\":\"1\",\"isPk\":\"1\",\"isQuery\":\"1\",\"isRequired\":\"0\",\"javaField\":\"posId\",\"javaType\":\"Long\",\"list\":false,\"params\":{},\"pk\":true,\"query\":true,\"queryType\":\"EQ\",\"required\":false,\"sort\":1,\"superColumn\":false,\"tableId\":5,\"updateBy\":\"\",\"usableColumn\":false},{\"capJavaField\":\"PosName\",\"columnComment\":\"职位名称\",\"columnId\":20,\"columnName\":\"pos_name\",\"columnType\":\"varchar(50)\",\"createBy\":\"admin\",\"createTime\":\"2025-10-11 10:57:03\",\"dictType\":\"\",\"edit\":true,\"htmlType\":\"input\",\"increment\":false,\"insert\":true,\"isEdit\":\"1\",\"isIncrement\":\"0\",\"isInsert\":\"1\",\"isList\":\"1\",\"isPk\":\"0\",\"isQuery\":\"1\",\"isRequired\":\"1\",\"javaField\":\"posName\",\"javaType\":\"String\",\"list\":true,\"params\":{},\"pk\":false,\"query\":true,\"queryType\":\"LIKE\",\"required\":true,\"sort\":2,\"superColumn\":false,\"tableId\":5,\"updateBy\":\"\",\"usableColumn\":false},{\"capJavaField\":\"DeptId\",\"columnComment\":\"所属部门编号\",\"columnId\":21,\"columnName\":\"dept_id\",\"columnType\":\"int\",\"createBy\":\"admin\",\"createTime\":\"2025-10-11 10:57:03\",\"dictType\":\"\",\"edit\":true,\"htmlType\":\"input\",\"increment\":false,\"insert\":true,\"isEdit\":\"1\",\"isIncrement\":\"0\",\"isInsert\":\"1\",\"isList\":\"1\",\"isPk\":\"0\",\"isQuery\":\"1\",\"isRequired\":\"0\",\"javaField\":\"deptId\",\"javaType\":\"Long\",\"list\":true,\"params\":{},\"pk\":false,\"query\":true,\"queryType\":\"EQ\",\"required\":false,\"sort\":3,\"superColumn\":false,\"tableId\":5,\"updateBy\":\"\",\"usableColumn\":false}],\"crud\":true,\"functionAuthor\":\"ruoyi\",\"functionName\":\"职务信息\",\"genPath\":\"/\",\"genType\":\"0\",\"moduleName\":\"jobposition\",\"options\":\"{\\\"parentMenuId\\\":2000}\",\"packageName\":\"com.ruoyi.company\",\"params\":{\"parentMenuId\":2000},\"parentMenuId\":2000,\"sub\":false,\"tableComment\":\"职务信息表\",\"tableId\":5,\"tableName\":\"jobposition\",\"tplCategory\":\"crud\",\"tplWebType\":\"', '{\"msg\":\"操作成功\",\"code\":200}', 0, NULL, '2025-10-11 10:59:43', 60);
INSERT INTO `sys_oper_log` (`oper_id`, `title`, `business_type`, `method`, `request_method`, `operator_type`, `oper_name`, `dept_name`, `oper_url`, `oper_ip`, `oper_location`, `oper_param`, `json_result`, `status`, `error_msg`, `oper_time`, `cost_time`) VALUES (103, '代码生成', 2, 'com.ruoyi.generator.controller.GenController.editSave()', 'PUT', 1, 'admin', '研发部门', '/tool/gen', '127.0.0.1', '内网IP', '{\"businessName\":\"salaryinfo\",\"className\":\"Salaryinfo\",\"columns\":[{\"capJavaField\":\"EmpId\",\"columnComment\":\"职工编号（关联员工）\",\"columnId\":22,\"columnName\":\"emp_id\",\"columnType\":\"int\",\"createBy\":\"admin\",\"createTime\":\"2025-10-11 10:57:03\",\"dictType\":\"\",\"edit\":false,\"htmlType\":\"input\",\"increment\":false,\"insert\":true,\"isIncrement\":\"0\",\"isInsert\":\"1\",\"isPk\":\"1\",\"isQuery\":\"1\",\"isRequired\":\"0\",\"javaField\":\"empId\",\"javaType\":\"Long\",\"list\":false,\"params\":{},\"pk\":true,\"query\":true,\"queryType\":\"EQ\",\"required\":false,\"sort\":1,\"superColumn\":false,\"tableId\":6,\"updateBy\":\"\",\"usableColumn\":false},{\"capJavaField\":\"PayableSalary\",\"columnComment\":\"应发工资\",\"columnId\":23,\"columnName\":\"payable_salary\",\"columnType\":\"decimal(10,2)\",\"createBy\":\"admin\",\"createTime\":\"2025-10-11 10:57:03\",\"dictType\":\"\",\"edit\":true,\"htmlType\":\"input\",\"increment\":false,\"insert\":true,\"isEdit\":\"1\",\"isIncrement\":\"0\",\"isInsert\":\"1\",\"isList\":\"1\",\"isPk\":\"0\",\"isQuery\":\"0\",\"isRequired\":\"1\",\"javaField\":\"payableSalary\",\"javaType\":\"BigDecimal\",\"list\":true,\"params\":{},\"pk\":false,\"query\":false,\"queryType\":\"EQ\",\"required\":true,\"sort\":2,\"superColumn\":false,\"tableId\":6,\"updateBy\":\"\",\"usableColumn\":false},{\"capJavaField\":\"DeductionSalary\",\"columnComment\":\"应扣工资\",\"columnId\":24,\"columnName\":\"deduction_salary\",\"columnType\":\"decimal(10,2)\",\"createBy\":\"admin\",\"createTime\":\"2025-10-11 10:57:03\",\"dictType\":\"\",\"edit\":true,\"htmlType\":\"input\",\"increment\":false,\"insert\":true,\"isEdit\":\"1\",\"isIncrement\":\"0\",\"isInsert\":\"1\",\"isList\":\"1\",\"isPk\":\"0\",\"isQuery\":\"0\",\"isRequired\":\"1\",\"javaField\":\"deductionSalary\",\"javaType\":\"BigDecimal\",\"list\":true,\"params\":{},\"pk\":false,\"query\":false,\"queryType\":\"EQ\",\"required\":true,\"sort\":3,\"superColumn\":false,\"tableId\":6,\"updateBy\":\"\",\"usableColumn\":false},{\"capJavaField\":\"EmpName\",\"columnComment\":\"职工姓名\",\"columnId\":25,\"columnName\":\"emp_name\",\"columnType\":\"varchar(50)\",\"createBy\":\"admin\",\"createTime\":\"2025-10-11 10:57:03\",\"dictType\":\"\",\"edit\":true,\"htmlType\":\"input\",\"increment\":false,\"insert\":true,\"isEdit\":\"1\",\"isIncrement\":\"0\"', '{\"msg\":\"操作成功\",\"code\":200}', 0, NULL, '2025-10-11 11:01:09', 29);
INSERT INTO `sys_oper_log` (`oper_id`, `title`, `business_type`, `method`, `request_method`, `operator_type`, `oper_name`, `dept_name`, `oper_url`, `oper_ip`, `oper_location`, `oper_param`, `json_result`, `status`, `error_msg`, `oper_time`, `cost_time`) VALUES (104, '代码生成', 2, 'com.ruoyi.generator.controller.GenController.editSave()', 'PUT', 1, 'admin', '研发部门', '/tool/gen', '127.0.0.1', '内网IP', '{\"businessName\":\"salarystandard\",\"className\":\"Salarystandard\",\"columns\":[{\"capJavaField\":\"PosId\",\"columnComment\":\"职位编号（关联职务）\",\"columnId\":27,\"columnName\":\"pos_id\",\"columnType\":\"int\",\"createBy\":\"admin\",\"createTime\":\"2025-10-11 10:57:03\",\"dictType\":\"\",\"edit\":false,\"htmlType\":\"input\",\"increment\":false,\"insert\":true,\"isIncrement\":\"0\",\"isInsert\":\"1\",\"isPk\":\"1\",\"isQuery\":\"1\",\"isRequired\":\"0\",\"javaField\":\"posId\",\"javaType\":\"Long\",\"list\":false,\"params\":{},\"pk\":true,\"query\":true,\"queryType\":\"EQ\",\"required\":false,\"sort\":1,\"superColumn\":false,\"tableId\":7,\"updateBy\":\"\",\"usableColumn\":false},{\"capJavaField\":\"BasicSalary\",\"columnComment\":\"基本工资\",\"columnId\":28,\"columnName\":\"basic_salary\",\"columnType\":\"decimal(10,2)\",\"createBy\":\"admin\",\"createTime\":\"2025-10-11 10:57:03\",\"dictType\":\"\",\"edit\":true,\"htmlType\":\"input\",\"increment\":false,\"insert\":true,\"isEdit\":\"1\",\"isIncrement\":\"0\",\"isInsert\":\"1\",\"isList\":\"1\",\"isPk\":\"0\",\"isQuery\":\"1\",\"isRequired\":\"1\",\"javaField\":\"basicSalary\",\"javaType\":\"BigDecimal\",\"list\":true,\"params\":{},\"pk\":false,\"query\":true,\"queryType\":\"EQ\",\"required\":true,\"sort\":2,\"superColumn\":false,\"tableId\":7,\"updateBy\":\"\",\"usableColumn\":false},{\"capJavaField\":\"SalaryLevel\",\"columnComment\":\"薪资等级\",\"columnId\":29,\"columnName\":\"salary_level\",\"columnType\":\"varchar(20)\",\"createBy\":\"admin\",\"createTime\":\"2025-10-11 10:57:03\",\"dictType\":\"\",\"edit\":true,\"htmlType\":\"input\",\"increment\":false,\"insert\":true,\"isEdit\":\"1\",\"isIncrement\":\"0\",\"isInsert\":\"1\",\"isList\":\"1\",\"isPk\":\"0\",\"isQuery\":\"1\",\"isRequired\":\"0\",\"javaField\":\"salaryLevel\",\"javaType\":\"String\",\"list\":true,\"params\":{},\"pk\":false,\"query\":true,\"queryType\":\"EQ\",\"required\":false,\"sort\":3,\"superColumn\":false,\"tableId\":7,\"updateBy\":\"\",\"usableColumn\":false},{\"capJavaField\":\"PositionAllowance\",\"columnComment\":\"职务补贴\",\"columnId\":30,\"columnName\":\"position_allowance\",\"columnType\":\"decimal(10,2)\",\"createBy\":\"admin\",\"createTime\":\"2025-10-11 10:57:03\",\"dictType\":\"\",\"edit\":true,\"htmlType\":\"input\",\"increment\":false,\"insert\":true,\"isEdit\":\"1\",\"isIncrement', '{\"msg\":\"操作成功\",\"code\":200}', 0, NULL, '2025-10-11 11:01:59', 27);
INSERT INTO `sys_oper_log` (`oper_id`, `title`, `business_type`, `method`, `request_method`, `operator_type`, `oper_name`, `dept_name`, `oper_url`, `oper_ip`, `oper_location`, `oper_param`, `json_result`, `status`, `error_msg`, `oper_time`, `cost_time`) VALUES (105, '代码生成', 2, 'com.ruoyi.generator.controller.GenController.editSave()', 'PUT', 1, 'admin', '研发部门', '/tool/gen', '127.0.0.1', '内网IP', '{\"businessName\":\"admin\",\"className\":\"Admin\",\"columns\":[{\"capJavaField\":\"AdminUsername\",\"columnComment\":\"管理员用户名\",\"columnId\":1,\"columnName\":\"admin_username\",\"columnType\":\"varchar(50)\",\"createBy\":\"admin\",\"createTime\":\"2025-10-11 10:57:02\",\"dictType\":\"\",\"edit\":false,\"htmlType\":\"input\",\"increment\":false,\"insert\":true,\"isIncrement\":\"0\",\"isInsert\":\"1\",\"isPk\":\"1\",\"isQuery\":\"1\",\"isRequired\":\"1\",\"javaField\":\"adminUsername\",\"javaType\":\"String\",\"list\":false,\"params\":{},\"pk\":true,\"query\":true,\"queryType\":\"LIKE\",\"required\":true,\"sort\":1,\"superColumn\":false,\"tableId\":1,\"updateBy\":\"\",\"usableColumn\":false},{\"capJavaField\":\"AdminPassword\",\"columnComment\":\"管理员密码（建议加密存储）\",\"columnId\":2,\"columnName\":\"admin_password\",\"columnType\":\"varchar(100)\",\"createBy\":\"admin\",\"createTime\":\"2025-10-11 10:57:02\",\"dictType\":\"\",\"edit\":true,\"htmlType\":\"input\",\"increment\":false,\"insert\":true,\"isEdit\":\"1\",\"isIncrement\":\"0\",\"isInsert\":\"1\",\"isList\":\"1\",\"isPk\":\"0\",\"isQuery\":\"0\",\"isRequired\":\"1\",\"javaField\":\"adminPassword\",\"javaType\":\"String\",\"list\":true,\"params\":{},\"pk\":false,\"query\":false,\"queryType\":\"EQ\",\"required\":true,\"sort\":2,\"superColumn\":false,\"tableId\":1,\"updateBy\":\"\",\"usableColumn\":false},{\"capJavaField\":\"AdminPhone\",\"columnComment\":\"管理员手机号\",\"columnId\":3,\"columnName\":\"admin_phone\",\"columnType\":\"varchar(20)\",\"createBy\":\"admin\",\"createTime\":\"2025-10-11 10:57:02\",\"dictType\":\"\",\"edit\":true,\"htmlType\":\"input\",\"increment\":false,\"insert\":true,\"isEdit\":\"1\",\"isIncrement\":\"0\",\"isInsert\":\"1\",\"isList\":\"1\",\"isPk\":\"0\",\"isQuery\":\"1\",\"isRequired\":\"0\",\"javaField\":\"adminPhone\",\"javaType\":\"String\",\"list\":true,\"params\":{},\"pk\":false,\"query\":true,\"queryType\":\"EQ\",\"required\":false,\"sort\":3,\"superColumn\":false,\"tableId\":1,\"updateBy\":\"\",\"usableColumn\":false}],\"crud\":true,\"functionAuthor\":\"ruoyi\",\"functionName\":\"系统管理员\",\"genPath\":\"/\",\"genType\":\"0\",\"moduleName\":\"admin\",\"options\":\"{\\\"parentMenuId\\\":2000}\",\"packageName\":\"com.ruoyi.company\",\"params\":{\"parentMenuId\":2000},\"parentMenuId\":2000,\"sub\":false,\"tableComment\":\"系统管理员表\",\"tabl', '{\"msg\":\"操作成功\",\"code\":200}', 0, NULL, '2025-10-11 11:02:35', 23);
INSERT INTO `sys_oper_log` (`oper_id`, `title`, `business_type`, `method`, `request_method`, `operator_type`, `oper_name`, `dept_name`, `oper_url`, `oper_ip`, `oper_location`, `oper_param`, `json_result`, `status`, `error_msg`, `oper_time`, `cost_time`) VALUES (106, '代码生成', 2, 'com.ruoyi.generator.controller.GenController.editSave()', 'PUT', 1, 'admin', '研发部门', '/tool/gen', '127.0.0.1', '内网IP', '{\"businessName\":\"attendance\",\"className\":\"Attendance\",\"columns\":[{\"capJavaField\":\"EmpId\",\"columnComment\":\"职工编号（关联员工）\",\"columnId\":4,\"columnName\":\"emp_id\",\"columnType\":\"int\",\"createBy\":\"admin\",\"createTime\":\"2025-10-11 10:57:02\",\"dictType\":\"\",\"edit\":false,\"htmlType\":\"input\",\"increment\":false,\"insert\":true,\"isIncrement\":\"0\",\"isInsert\":\"1\",\"isPk\":\"1\",\"isQuery\":\"1\",\"isRequired\":\"1\",\"javaField\":\"empId\",\"javaType\":\"Long\",\"list\":false,\"params\":{},\"pk\":true,\"query\":true,\"queryType\":\"EQ\",\"required\":true,\"sort\":1,\"superColumn\":false,\"tableId\":2,\"updateBy\":\"\",\"usableColumn\":false},{\"capJavaField\":\"AttendDays\",\"columnComment\":\"月出勤天数\",\"columnId\":5,\"columnName\":\"attend_days\",\"columnType\":\"int\",\"createBy\":\"admin\",\"createTime\":\"2025-10-11 10:57:02\",\"dictType\":\"\",\"edit\":true,\"htmlType\":\"input\",\"increment\":false,\"insert\":true,\"isEdit\":\"1\",\"isIncrement\":\"0\",\"isInsert\":\"1\",\"isList\":\"1\",\"isPk\":\"0\",\"isQuery\":\"0\",\"isRequired\":\"1\",\"javaField\":\"attendDays\",\"javaType\":\"Long\",\"list\":true,\"params\":{},\"pk\":false,\"query\":false,\"queryType\":\"EQ\",\"required\":true,\"sort\":2,\"superColumn\":false,\"tableId\":2,\"updateBy\":\"\",\"usableColumn\":false},{\"capJavaField\":\"OvertimeTimes\",\"columnComment\":\"月加班次数\",\"columnId\":6,\"columnName\":\"overtime_times\",\"columnType\":\"int\",\"createBy\":\"admin\",\"createTime\":\"2025-10-11 10:57:02\",\"dictType\":\"\",\"edit\":true,\"htmlType\":\"input\",\"increment\":false,\"insert\":true,\"isEdit\":\"1\",\"isIncrement\":\"0\",\"isInsert\":\"1\",\"isList\":\"1\",\"isPk\":\"0\",\"isQuery\":\"0\",\"isRequired\":\"1\",\"javaField\":\"overtimeTimes\",\"javaType\":\"Long\",\"list\":true,\"params\":{},\"pk\":false,\"query\":false,\"queryType\":\"EQ\",\"required\":true,\"sort\":3,\"superColumn\":false,\"tableId\":2,\"updateBy\":\"\",\"usableColumn\":false},{\"capJavaField\":\"AttendBonus\",\"columnComment\":\"出勤奖金\",\"columnId\":7,\"columnName\":\"attend_bonus\",\"columnType\":\"decimal(10,2)\",\"createBy\":\"admin\",\"createTime\":\"2025-10-11 10:57:02\",\"dictType\":\"\",\"edit\":true,\"htmlType\":\"input\",\"increment\":false,\"insert\":true,\"isEdit\":\"1\",\"isIncrement\":\"0\",\"isInsert\":\"1\",\"isList\":\"1\",\"isPk\":\"0\",', '{\"msg\":\"操作成功\",\"code\":200}', 0, NULL, '2025-10-11 11:03:20', 34);
INSERT INTO `sys_oper_log` (`oper_id`, `title`, `business_type`, `method`, `request_method`, `operator_type`, `oper_name`, `dept_name`, `oper_url`, `oper_ip`, `oper_location`, `oper_param`, `json_result`, `status`, `error_msg`, `oper_time`, `cost_time`) VALUES (107, '代码生成', 2, 'com.ruoyi.generator.controller.GenController.editSave()', 'PUT', 1, 'admin', '研发部门', '/tool/gen', '127.0.0.1', '内网IP', '{\"businessName\":\"department\",\"className\":\"Department\",\"columns\":[{\"capJavaField\":\"DeptId\",\"columnComment\":\"部门编号\",\"columnId\":8,\"columnName\":\"dept_id\",\"columnType\":\"int\",\"createBy\":\"admin\",\"createTime\":\"2025-10-11 10:57:02\",\"dictType\":\"\",\"edit\":false,\"htmlType\":\"input\",\"increment\":true,\"insert\":true,\"isIncrement\":\"1\",\"isInsert\":\"1\",\"isPk\":\"1\",\"isQuery\":\"1\",\"isRequired\":\"1\",\"javaField\":\"deptId\",\"javaType\":\"Long\",\"list\":false,\"params\":{},\"pk\":true,\"query\":true,\"queryType\":\"EQ\",\"required\":true,\"sort\":1,\"superColumn\":false,\"tableId\":3,\"updateBy\":\"\",\"usableColumn\":false},{\"capJavaField\":\"DeptName\",\"columnComment\":\"部门名称\",\"columnId\":9,\"columnName\":\"dept_name\",\"columnType\":\"varchar(50)\",\"createBy\":\"admin\",\"createTime\":\"2025-10-11 10:57:02\",\"dictType\":\"\",\"edit\":true,\"htmlType\":\"input\",\"increment\":false,\"insert\":true,\"isEdit\":\"1\",\"isIncrement\":\"0\",\"isInsert\":\"1\",\"isList\":\"1\",\"isPk\":\"0\",\"isQuery\":\"1\",\"isRequired\":\"1\",\"javaField\":\"deptName\",\"javaType\":\"String\",\"list\":true,\"params\":{},\"pk\":false,\"query\":true,\"queryType\":\"LIKE\",\"required\":true,\"sort\":2,\"superColumn\":false,\"tableId\":3,\"updateBy\":\"\",\"usableColumn\":false},{\"capJavaField\":\"DeptManager\",\"columnComment\":\"部门经理\",\"columnId\":10,\"columnName\":\"dept_manager\",\"columnType\":\"varchar(50)\",\"createBy\":\"admin\",\"createTime\":\"2025-10-11 10:57:02\",\"dictType\":\"\",\"edit\":true,\"htmlType\":\"input\",\"increment\":false,\"insert\":true,\"isEdit\":\"1\",\"isIncrement\":\"0\",\"isInsert\":\"1\",\"isList\":\"1\",\"isPk\":\"0\",\"isQuery\":\"1\",\"isRequired\":\"0\",\"javaField\":\"deptManager\",\"javaType\":\"String\",\"list\":true,\"params\":{},\"pk\":false,\"query\":true,\"queryType\":\"EQ\",\"required\":false,\"sort\":3,\"superColumn\":false,\"tableId\":3,\"updateBy\":\"\",\"usableColumn\":false},{\"capJavaField\":\"DeptPhone\",\"columnComment\":\"部门联系电话\",\"columnId\":11,\"columnName\":\"dept_phone\",\"columnType\":\"varchar(20)\",\"createBy\":\"admin\",\"createTime\":\"2025-10-11 10:57:02\",\"dictType\":\"\",\"edit\":true,\"htmlType\":\"input\",\"increment\":false,\"insert\":true,\"isEdit\":\"1\",\"isIncrement\":\"0\",\"isInsert\":\"1\",\"isList\":\"1\",\"isPk\":\"0\"', '{\"msg\":\"操作成功\",\"code\":200}', 0, NULL, '2025-10-11 11:03:52', 27);
INSERT INTO `sys_oper_log` (`oper_id`, `title`, `business_type`, `method`, `request_method`, `operator_type`, `oper_name`, `dept_name`, `oper_url`, `oper_ip`, `oper_location`, `oper_param`, `json_result`, `status`, `error_msg`, `oper_time`, `cost_time`) VALUES (108, '代码生成', 2, 'com.ruoyi.generator.controller.GenController.editSave()', 'PUT', 1, 'admin', '研发部门', '/tool/gen', '127.0.0.1', '内网IP', '{\"businessName\":\"employee\",\"className\":\"Employee\",\"columns\":[{\"capJavaField\":\"EmpId\",\"columnComment\":\"职工编号\",\"columnId\":12,\"columnName\":\"emp_id\",\"columnType\":\"int\",\"createBy\":\"admin\",\"createTime\":\"2025-10-11 10:57:02\",\"dictType\":\"\",\"edit\":false,\"htmlType\":\"input\",\"increment\":true,\"insert\":true,\"isIncrement\":\"1\",\"isInsert\":\"1\",\"isPk\":\"1\",\"isQuery\":\"1\",\"isRequired\":\"1\",\"javaField\":\"empId\",\"javaType\":\"Long\",\"list\":false,\"params\":{},\"pk\":true,\"query\":true,\"queryType\":\"EQ\",\"required\":true,\"sort\":1,\"superColumn\":false,\"tableId\":4,\"updateBy\":\"\",\"usableColumn\":false},{\"capJavaField\":\"EmpName\",\"columnComment\":\"职工姓名\",\"columnId\":13,\"columnName\":\"emp_name\",\"columnType\":\"varchar(50)\",\"createBy\":\"admin\",\"createTime\":\"2025-10-11 10:57:02\",\"dictType\":\"\",\"edit\":true,\"htmlType\":\"input\",\"increment\":false,\"insert\":true,\"isEdit\":\"1\",\"isIncrement\":\"0\",\"isInsert\":\"1\",\"isList\":\"1\",\"isPk\":\"0\",\"isQuery\":\"1\",\"isRequired\":\"1\",\"javaField\":\"empName\",\"javaType\":\"String\",\"list\":true,\"params\":{},\"pk\":false,\"query\":true,\"queryType\":\"LIKE\",\"required\":true,\"sort\":2,\"superColumn\":false,\"tableId\":4,\"updateBy\":\"\",\"usableColumn\":false},{\"capJavaField\":\"EmpGender\",\"columnComment\":\"职工性别\",\"columnId\":14,\"columnName\":\"emp_gender\",\"columnType\":\"char(2)\",\"createBy\":\"admin\",\"createTime\":\"2025-10-11 10:57:02\",\"dictType\":\"\",\"edit\":true,\"htmlType\":\"input\",\"increment\":false,\"insert\":true,\"isEdit\":\"1\",\"isIncrement\":\"0\",\"isInsert\":\"1\",\"isList\":\"1\",\"isPk\":\"0\",\"isQuery\":\"1\",\"isRequired\":\"0\",\"javaField\":\"empGender\",\"javaType\":\"String\",\"list\":true,\"params\":{},\"pk\":false,\"query\":true,\"queryType\":\"EQ\",\"required\":false,\"sort\":3,\"superColumn\":false,\"tableId\":4,\"updateBy\":\"\",\"usableColumn\":false},{\"capJavaField\":\"EmpAge\",\"columnComment\":\"职工年龄\",\"columnId\":15,\"columnName\":\"emp_age\",\"columnType\":\"int\",\"createBy\":\"admin\",\"createTime\":\"2025-10-11 10:57:02\",\"dictType\":\"\",\"edit\":true,\"htmlType\":\"input\",\"increment\":false,\"insert\":true,\"isEdit\":\"1\",\"isIncrement\":\"0\",\"isInsert\":\"1\",\"isList\":\"1\",\"isPk\":\"0\",\"isQuery\":\"0\",\"isRequired\":\"0\",\"j', '{\"msg\":\"操作成功\",\"code\":200}', 0, NULL, '2025-10-11 11:04:42', 41);
INSERT INTO `sys_oper_log` (`oper_id`, `title`, `business_type`, `method`, `request_method`, `operator_type`, `oper_name`, `dept_name`, `oper_url`, `oper_ip`, `oper_location`, `oper_param`, `json_result`, `status`, `error_msg`, `oper_time`, `cost_time`) VALUES (109, '代码生成', 8, 'com.ruoyi.generator.controller.GenController.batchGenCode()', 'GET', 1, 'admin', '研发部门', '/tool/gen/batchGenCode', '127.0.0.1', '内网IP', '{\"tables\":\"jobposition,salaryinfo,salarystandard,admin,attendance,department,employee\"}', NULL, 0, NULL, '2025-10-11 11:04:52', 1610);
INSERT INTO `sys_oper_log` (`oper_id`, `title`, `business_type`, `method`, `request_method`, `operator_type`, `oper_name`, `dept_name`, `oper_url`, `oper_ip`, `oper_location`, `oper_param`, `json_result`, `status`, `error_msg`, `oper_time`, `cost_time`) VALUES (110, '代码生成', 2, 'com.ruoyi.generator.controller.GenController.synchDb()', 'GET', 1, 'admin', '研发部门', '/tool/gen/synchDb/jobposition', '127.0.0.1', '内网IP', '{}', '{\"msg\":\"操作成功\",\"code\":200}', 0, NULL, '2025-10-11 11:08:12', 39);
INSERT INTO `sys_oper_log` (`oper_id`, `title`, `business_type`, `method`, `request_method`, `operator_type`, `oper_name`, `dept_name`, `oper_url`, `oper_ip`, `oper_location`, `oper_param`, `json_result`, `status`, `error_msg`, `oper_time`, `cost_time`) VALUES (111, '代码生成', 2, 'com.ruoyi.generator.controller.GenController.synchDb()', 'GET', 1, 'admin', '研发部门', '/tool/gen/synchDb/salaryinfo', '127.0.0.1', '内网IP', '{}', '{\"msg\":\"操作成功\",\"code\":200}', 0, NULL, '2025-10-11 11:08:13', 32);
INSERT INTO `sys_oper_log` (`oper_id`, `title`, `business_type`, `method`, `request_method`, `operator_type`, `oper_name`, `dept_name`, `oper_url`, `oper_ip`, `oper_location`, `oper_param`, `json_result`, `status`, `error_msg`, `oper_time`, `cost_time`) VALUES (112, '代码生成', 2, 'com.ruoyi.generator.controller.GenController.synchDb()', 'GET', 1, 'admin', '研发部门', '/tool/gen/synchDb/salarystandard', '127.0.0.1', '内网IP', '{}', '{\"msg\":\"操作成功\",\"code\":200}', 0, NULL, '2025-10-11 11:08:16', 28);
INSERT INTO `sys_oper_log` (`oper_id`, `title`, `business_type`, `method`, `request_method`, `operator_type`, `oper_name`, `dept_name`, `oper_url`, `oper_ip`, `oper_location`, `oper_param`, `json_result`, `status`, `error_msg`, `oper_time`, `cost_time`) VALUES (113, '代码生成', 2, 'com.ruoyi.generator.controller.GenController.synchDb()', 'GET', 1, 'admin', '研发部门', '/tool/gen/synchDb/admin', '127.0.0.1', '内网IP', '{}', '{\"msg\":\"操作成功\",\"code\":200}', 0, NULL, '2025-10-11 11:08:17', 30);
INSERT INTO `sys_oper_log` (`oper_id`, `title`, `business_type`, `method`, `request_method`, `operator_type`, `oper_name`, `dept_name`, `oper_url`, `oper_ip`, `oper_location`, `oper_param`, `json_result`, `status`, `error_msg`, `oper_time`, `cost_time`) VALUES (114, '代码生成', 2, 'com.ruoyi.generator.controller.GenController.synchDb()', 'GET', 1, 'admin', '研发部门', '/tool/gen/synchDb/attendance', '127.0.0.1', '内网IP', '{}', '{\"msg\":\"操作成功\",\"code\":200}', 0, NULL, '2025-10-11 11:08:19', 32);
INSERT INTO `sys_oper_log` (`oper_id`, `title`, `business_type`, `method`, `request_method`, `operator_type`, `oper_name`, `dept_name`, `oper_url`, `oper_ip`, `oper_location`, `oper_param`, `json_result`, `status`, `error_msg`, `oper_time`, `cost_time`) VALUES (115, '代码生成', 2, 'com.ruoyi.generator.controller.GenController.synchDb()', 'GET', 1, 'admin', '研发部门', '/tool/gen/synchDb/department', '127.0.0.1', '内网IP', '{}', '{\"msg\":\"操作成功\",\"code\":200}', 0, NULL, '2025-10-11 11:08:21', 33);
INSERT INTO `sys_oper_log` (`oper_id`, `title`, `business_type`, `method`, `request_method`, `operator_type`, `oper_name`, `dept_name`, `oper_url`, `oper_ip`, `oper_location`, `oper_param`, `json_result`, `status`, `error_msg`, `oper_time`, `cost_time`) VALUES (116, '代码生成', 2, 'com.ruoyi.generator.controller.GenController.synchDb()', 'GET', 1, 'admin', '研发部门', '/tool/gen/synchDb/employee', '127.0.0.1', '内网IP', '{}', '{\"msg\":\"操作成功\",\"code\":200}', 0, NULL, '2025-10-11 11:08:23', 43);
INSERT INTO `sys_oper_log` (`oper_id`, `title`, `business_type`, `method`, `request_method`, `operator_type`, `oper_name`, `dept_name`, `oper_url`, `oper_ip`, `oper_location`, `oper_param`, `json_result`, `status`, `error_msg`, `oper_time`, `cost_time`) VALUES (117, '代码生成', 2, 'com.ruoyi.generator.controller.GenController.synchDb()', 'GET', 1, 'admin', '研发部门', '/tool/gen/synchDb/jobposition', '127.0.0.1', '内网IP', '{}', '{\"msg\":\"操作成功\",\"code\":200}', 0, NULL, '2025-10-11 11:08:25', 27);
INSERT INTO `sys_oper_log` (`oper_id`, `title`, `business_type`, `method`, `request_method`, `operator_type`, `oper_name`, `dept_name`, `oper_url`, `oper_ip`, `oper_location`, `oper_param`, `json_result`, `status`, `error_msg`, `oper_time`, `cost_time`) VALUES (118, '代码生成', 2, 'com.ruoyi.generator.controller.GenController.synchDb()', 'GET', 1, 'admin', '研发部门', '/tool/gen/synchDb/salaryinfo', '127.0.0.1', '内网IP', '{}', '{\"msg\":\"操作成功\",\"code\":200}', 0, NULL, '2025-10-11 11:08:27', 37);
INSERT INTO `sys_oper_log` (`oper_id`, `title`, `business_type`, `method`, `request_method`, `operator_type`, `oper_name`, `dept_name`, `oper_url`, `oper_ip`, `oper_location`, `oper_param`, `json_result`, `status`, `error_msg`, `oper_time`, `cost_time`) VALUES (119, '代码生成', 2, 'com.ruoyi.generator.controller.GenController.synchDb()', 'GET', 1, 'admin', '研发部门', '/tool/gen/synchDb/salarystandard', '127.0.0.1', '内网IP', '{}', '{\"msg\":\"操作成功\",\"code\":200}', 0, NULL, '2025-10-11 11:08:28', 30);
INSERT INTO `sys_oper_log` (`oper_id`, `title`, `business_type`, `method`, `request_method`, `operator_type`, `oper_name`, `dept_name`, `oper_url`, `oper_ip`, `oper_location`, `oper_param`, `json_result`, `status`, `error_msg`, `oper_time`, `cost_time`) VALUES (120, '代码生成', 2, 'com.ruoyi.generator.controller.GenController.synchDb()', 'GET', 1, 'admin', '研发部门', '/tool/gen/synchDb/admin', '127.0.0.1', '内网IP', '{}', '{\"msg\":\"操作成功\",\"code\":200}', 0, NULL, '2025-10-11 11:08:30', 26);
INSERT INTO `sys_oper_log` (`oper_id`, `title`, `business_type`, `method`, `request_method`, `operator_type`, `oper_name`, `dept_name`, `oper_url`, `oper_ip`, `oper_location`, `oper_param`, `json_result`, `status`, `error_msg`, `oper_time`, `cost_time`) VALUES (121, '代码生成', 2, 'com.ruoyi.generator.controller.GenController.editSave()', 'PUT', 1, 'admin', '研发部门', '/tool/gen', '127.0.0.1', '内网IP', '{\"businessName\":\"jobposition\",\"className\":\"Jobposition\",\"columns\":[{\"capJavaField\":\"PosId\",\"columnComment\":\"职位编号\",\"columnId\":19,\"columnName\":\"pos_id\",\"columnType\":\"int\",\"createBy\":\"admin\",\"createTime\":\"2025-10-11 10:57:03\",\"dictType\":\"\",\"edit\":false,\"htmlType\":\"input\",\"increment\":true,\"insert\":true,\"isIncrement\":\"1\",\"isInsert\":\"1\",\"isPk\":\"1\",\"isQuery\":\"1\",\"isRequired\":\"0\",\"javaField\":\"posId\",\"javaType\":\"Long\",\"list\":false,\"params\":{},\"pk\":true,\"query\":true,\"queryType\":\"EQ\",\"required\":false,\"sort\":1,\"superColumn\":false,\"tableId\":5,\"updateBy\":\"\",\"updateTime\":\"2025-10-11 11:08:25\",\"usableColumn\":false},{\"capJavaField\":\"PosName\",\"columnComment\":\"职位名称\",\"columnId\":20,\"columnName\":\"pos_name\",\"columnType\":\"varchar(50)\",\"createBy\":\"admin\",\"createTime\":\"2025-10-11 10:57:03\",\"dictType\":\"\",\"edit\":true,\"htmlType\":\"input\",\"increment\":false,\"insert\":true,\"isEdit\":\"1\",\"isIncrement\":\"0\",\"isInsert\":\"1\",\"isList\":\"1\",\"isPk\":\"0\",\"isQuery\":\"1\",\"isRequired\":\"1\",\"javaField\":\"posName\",\"javaType\":\"String\",\"list\":true,\"params\":{},\"pk\":false,\"query\":true,\"queryType\":\"LIKE\",\"required\":true,\"sort\":2,\"superColumn\":false,\"tableId\":5,\"updateBy\":\"\",\"updateTime\":\"2025-10-11 11:08:25\",\"usableColumn\":false},{\"capJavaField\":\"DeptId\",\"columnComment\":\"所属部门编号\",\"columnId\":21,\"columnName\":\"dept_id\",\"columnType\":\"int\",\"createBy\":\"admin\",\"createTime\":\"2025-10-11 10:57:03\",\"dictType\":\"\",\"edit\":true,\"htmlType\":\"input\",\"increment\":false,\"insert\":true,\"isEdit\":\"1\",\"isIncrement\":\"0\",\"isInsert\":\"1\",\"isList\":\"1\",\"isPk\":\"0\",\"isQuery\":\"1\",\"isRequired\":\"0\",\"javaField\":\"deptId\",\"javaType\":\"Long\",\"list\":true,\"params\":{},\"pk\":false,\"query\":true,\"queryType\":\"EQ\",\"required\":false,\"sort\":3,\"superColumn\":false,\"tableId\":5,\"updateBy\":\"\",\"updateTime\":\"2025-10-11 11:08:25\",\"usableColumn\":false}],\"crud\":true,\"functionAuthor\":\"ruoyi\",\"functionName\":\"职务信息\",\"genPath\":\"/\",\"genType\":\"0\",\"moduleName\":\"jobposition\",\"options\":\"{\\\"parentMenuId\\\":2000}\",\"packageName\":\"com.ruoyi.jobposition\",\"params\":{\"parentMenuId\":2000},\"parentMenuId\":2000', '{\"msg\":\"操作成功\",\"code\":200}', 0, NULL, '2025-10-11 11:11:22', 22);
INSERT INTO `sys_oper_log` (`oper_id`, `title`, `business_type`, `method`, `request_method`, `operator_type`, `oper_name`, `dept_name`, `oper_url`, `oper_ip`, `oper_location`, `oper_param`, `json_result`, `status`, `error_msg`, `oper_time`, `cost_time`) VALUES (122, '代码生成', 2, 'com.ruoyi.generator.controller.GenController.editSave()', 'PUT', 1, 'admin', '研发部门', '/tool/gen', '127.0.0.1', '内网IP', '{\"businessName\":\"salaryinfo\",\"className\":\"Salaryinfo\",\"columns\":[{\"capJavaField\":\"EmpId\",\"columnComment\":\"职工编号（关联员工）\",\"columnId\":22,\"columnName\":\"emp_id\",\"columnType\":\"int\",\"createBy\":\"admin\",\"createTime\":\"2025-10-11 10:57:03\",\"dictType\":\"\",\"edit\":false,\"htmlType\":\"input\",\"increment\":false,\"insert\":true,\"isIncrement\":\"0\",\"isInsert\":\"1\",\"isPk\":\"1\",\"isQuery\":\"1\",\"isRequired\":\"0\",\"javaField\":\"empId\",\"javaType\":\"Long\",\"list\":false,\"params\":{},\"pk\":true,\"query\":true,\"queryType\":\"EQ\",\"required\":false,\"sort\":1,\"superColumn\":false,\"tableId\":6,\"updateBy\":\"\",\"updateTime\":\"2025-10-11 11:08:27\",\"usableColumn\":false},{\"capJavaField\":\"PayableSalary\",\"columnComment\":\"应发工资\",\"columnId\":23,\"columnName\":\"payable_salary\",\"columnType\":\"decimal(10,2)\",\"createBy\":\"admin\",\"createTime\":\"2025-10-11 10:57:03\",\"dictType\":\"\",\"edit\":true,\"htmlType\":\"input\",\"increment\":false,\"insert\":true,\"isEdit\":\"1\",\"isIncrement\":\"0\",\"isInsert\":\"1\",\"isList\":\"1\",\"isPk\":\"0\",\"isQuery\":\"1\",\"isRequired\":\"1\",\"javaField\":\"payableSalary\",\"javaType\":\"BigDecimal\",\"list\":true,\"params\":{},\"pk\":false,\"query\":true,\"queryType\":\"EQ\",\"required\":true,\"sort\":2,\"superColumn\":false,\"tableId\":6,\"updateBy\":\"\",\"updateTime\":\"2025-10-11 11:08:27\",\"usableColumn\":false},{\"capJavaField\":\"DeductionSalary\",\"columnComment\":\"应扣工资\",\"columnId\":24,\"columnName\":\"deduction_salary\",\"columnType\":\"decimal(10,2)\",\"createBy\":\"admin\",\"createTime\":\"2025-10-11 10:57:03\",\"dictType\":\"\",\"edit\":true,\"htmlType\":\"input\",\"increment\":false,\"insert\":true,\"isEdit\":\"1\",\"isIncrement\":\"0\",\"isInsert\":\"1\",\"isList\":\"1\",\"isPk\":\"0\",\"isQuery\":\"1\",\"isRequired\":\"1\",\"javaField\":\"deductionSalary\",\"javaType\":\"BigDecimal\",\"list\":true,\"params\":{},\"pk\":false,\"query\":true,\"queryType\":\"EQ\",\"required\":true,\"sort\":3,\"superColumn\":false,\"tableId\":6,\"updateBy\":\"\",\"updateTime\":\"2025-10-11 11:08:27\",\"usableColumn\":false},{\"capJavaField\":\"EmpName\",\"columnComment\":\"职工姓名\",\"columnId\":25,\"columnName\":\"emp_name\",\"columnType\":\"varchar(50)\",\"createBy\":\"admin\",\"createTime\":\"2025-10-11 10:57:03\",\"dic', '{\"msg\":\"操作成功\",\"code\":200}', 0, NULL, '2025-10-11 11:11:38', 30);
INSERT INTO `sys_oper_log` (`oper_id`, `title`, `business_type`, `method`, `request_method`, `operator_type`, `oper_name`, `dept_name`, `oper_url`, `oper_ip`, `oper_location`, `oper_param`, `json_result`, `status`, `error_msg`, `oper_time`, `cost_time`) VALUES (123, '代码生成', 2, 'com.ruoyi.generator.controller.GenController.editSave()', 'PUT', 1, 'admin', '研发部门', '/tool/gen', '127.0.0.1', '内网IP', '{\"businessName\":\"salarystandard\",\"className\":\"Salarystandard\",\"columns\":[{\"capJavaField\":\"PosId\",\"columnComment\":\"职位编号（关联职务）\",\"columnId\":27,\"columnName\":\"pos_id\",\"columnType\":\"int\",\"createBy\":\"admin\",\"createTime\":\"2025-10-11 10:57:03\",\"dictType\":\"\",\"edit\":false,\"htmlType\":\"input\",\"increment\":false,\"insert\":true,\"isIncrement\":\"0\",\"isInsert\":\"1\",\"isPk\":\"1\",\"isQuery\":\"1\",\"isRequired\":\"0\",\"javaField\":\"posId\",\"javaType\":\"Long\",\"list\":false,\"params\":{},\"pk\":true,\"query\":true,\"queryType\":\"EQ\",\"required\":false,\"sort\":1,\"superColumn\":false,\"tableId\":7,\"updateBy\":\"\",\"updateTime\":\"2025-10-11 11:08:28\",\"usableColumn\":false},{\"capJavaField\":\"BasicSalary\",\"columnComment\":\"基本工资\",\"columnId\":28,\"columnName\":\"basic_salary\",\"columnType\":\"decimal(10,2)\",\"createBy\":\"admin\",\"createTime\":\"2025-10-11 10:57:03\",\"dictType\":\"\",\"edit\":true,\"htmlType\":\"input\",\"increment\":false,\"insert\":true,\"isEdit\":\"1\",\"isIncrement\":\"0\",\"isInsert\":\"1\",\"isList\":\"1\",\"isPk\":\"0\",\"isQuery\":\"1\",\"isRequired\":\"1\",\"javaField\":\"basicSalary\",\"javaType\":\"BigDecimal\",\"list\":true,\"params\":{},\"pk\":false,\"query\":true,\"queryType\":\"EQ\",\"required\":true,\"sort\":2,\"superColumn\":false,\"tableId\":7,\"updateBy\":\"\",\"updateTime\":\"2025-10-11 11:08:28\",\"usableColumn\":false},{\"capJavaField\":\"SalaryLevel\",\"columnComment\":\"薪资等级\",\"columnId\":29,\"columnName\":\"salary_level\",\"columnType\":\"varchar(20)\",\"createBy\":\"admin\",\"createTime\":\"2025-10-11 10:57:03\",\"dictType\":\"\",\"edit\":true,\"htmlType\":\"input\",\"increment\":false,\"insert\":true,\"isEdit\":\"1\",\"isIncrement\":\"0\",\"isInsert\":\"1\",\"isList\":\"1\",\"isPk\":\"0\",\"isQuery\":\"1\",\"isRequired\":\"0\",\"javaField\":\"salaryLevel\",\"javaType\":\"String\",\"list\":true,\"params\":{},\"pk\":false,\"query\":true,\"queryType\":\"EQ\",\"required\":false,\"sort\":3,\"superColumn\":false,\"tableId\":7,\"updateBy\":\"\",\"updateTime\":\"2025-10-11 11:08:28\",\"usableColumn\":false},{\"capJavaField\":\"PositionAllowance\",\"columnComment\":\"职务补贴\",\"columnId\":30,\"columnName\":\"position_allowance\",\"columnType\":\"decimal(10,2)\",\"createBy\":\"admin\",\"createTime\":\"2025-10-11 10:57:0', '{\"msg\":\"操作成功\",\"code\":200}', 0, NULL, '2025-10-11 11:11:56', 23);
INSERT INTO `sys_oper_log` (`oper_id`, `title`, `business_type`, `method`, `request_method`, `operator_type`, `oper_name`, `dept_name`, `oper_url`, `oper_ip`, `oper_location`, `oper_param`, `json_result`, `status`, `error_msg`, `oper_time`, `cost_time`) VALUES (124, '代码生成', 2, 'com.ruoyi.generator.controller.GenController.editSave()', 'PUT', 1, 'admin', '研发部门', '/tool/gen', '127.0.0.1', '内网IP', '{\"businessName\":\"admin\",\"className\":\"Admin\",\"columns\":[{\"capJavaField\":\"AdminUsername\",\"columnComment\":\"管理员用户名\",\"columnId\":1,\"columnName\":\"admin_username\",\"columnType\":\"varchar(50)\",\"createBy\":\"admin\",\"createTime\":\"2025-10-11 10:57:02\",\"dictType\":\"\",\"edit\":false,\"htmlType\":\"input\",\"increment\":false,\"insert\":true,\"isIncrement\":\"0\",\"isInsert\":\"1\",\"isPk\":\"1\",\"isQuery\":\"1\",\"isRequired\":\"0\",\"javaField\":\"adminUsername\",\"javaType\":\"String\",\"list\":false,\"params\":{},\"pk\":true,\"query\":true,\"queryType\":\"LIKE\",\"required\":false,\"sort\":1,\"superColumn\":false,\"tableId\":1,\"updateBy\":\"\",\"updateTime\":\"2025-10-11 11:08:30\",\"usableColumn\":false},{\"capJavaField\":\"AdminPassword\",\"columnComment\":\"管理员密码（建议加密存储）\",\"columnId\":2,\"columnName\":\"admin_password\",\"columnType\":\"varchar(100)\",\"createBy\":\"admin\",\"createTime\":\"2025-10-11 10:57:02\",\"dictType\":\"\",\"edit\":true,\"htmlType\":\"input\",\"increment\":false,\"insert\":true,\"isEdit\":\"1\",\"isIncrement\":\"0\",\"isInsert\":\"1\",\"isList\":\"1\",\"isPk\":\"0\",\"isQuery\":\"1\",\"isRequired\":\"1\",\"javaField\":\"adminPassword\",\"javaType\":\"String\",\"list\":true,\"params\":{},\"pk\":false,\"query\":true,\"queryType\":\"EQ\",\"required\":true,\"sort\":2,\"superColumn\":false,\"tableId\":1,\"updateBy\":\"\",\"updateTime\":\"2025-10-11 11:08:30\",\"usableColumn\":false},{\"capJavaField\":\"AdminPhone\",\"columnComment\":\"管理员手机号\",\"columnId\":3,\"columnName\":\"admin_phone\",\"columnType\":\"varchar(20)\",\"createBy\":\"admin\",\"createTime\":\"2025-10-11 10:57:02\",\"dictType\":\"\",\"edit\":true,\"htmlType\":\"input\",\"increment\":false,\"insert\":true,\"isEdit\":\"1\",\"isIncrement\":\"0\",\"isInsert\":\"1\",\"isList\":\"1\",\"isPk\":\"0\",\"isQuery\":\"1\",\"isRequired\":\"0\",\"javaField\":\"adminPhone\",\"javaType\":\"String\",\"list\":true,\"params\":{},\"pk\":false,\"query\":true,\"queryType\":\"EQ\",\"required\":false,\"sort\":3,\"superColumn\":false,\"tableId\":1,\"updateBy\":\"\",\"updateTime\":\"2025-10-11 11:08:30\",\"usableColumn\":false}],\"crud\":true,\"functionAuthor\":\"ruoyi\",\"functionName\":\"系统管理员\",\"genPath\":\"/\",\"genType\":\"0\",\"moduleName\":\"admin\",\"options\":\"{\\\"parentMenuId\\\":2000}\",\"packageName\":\"com.ru', '{\"msg\":\"操作成功\",\"code\":200}', 0, NULL, '2025-10-11 11:12:08', 24);
INSERT INTO `sys_oper_log` (`oper_id`, `title`, `business_type`, `method`, `request_method`, `operator_type`, `oper_name`, `dept_name`, `oper_url`, `oper_ip`, `oper_location`, `oper_param`, `json_result`, `status`, `error_msg`, `oper_time`, `cost_time`) VALUES (125, '代码生成', 2, 'com.ruoyi.generator.controller.GenController.editSave()', 'PUT', 1, 'admin', '研发部门', '/tool/gen', '127.0.0.1', '内网IP', '{\"businessName\":\"attendance\",\"className\":\"Attendance\",\"columns\":[{\"capJavaField\":\"EmpId\",\"columnComment\":\"职工编号（关联员工）\",\"columnId\":4,\"columnName\":\"emp_id\",\"columnType\":\"int\",\"createBy\":\"admin\",\"createTime\":\"2025-10-11 10:57:02\",\"dictType\":\"\",\"edit\":false,\"htmlType\":\"input\",\"increment\":false,\"insert\":true,\"isIncrement\":\"0\",\"isInsert\":\"1\",\"isPk\":\"1\",\"isQuery\":\"1\",\"isRequired\":\"0\",\"javaField\":\"empId\",\"javaType\":\"Long\",\"list\":false,\"params\":{},\"pk\":true,\"query\":true,\"queryType\":\"EQ\",\"required\":false,\"sort\":1,\"superColumn\":false,\"tableId\":2,\"updateBy\":\"\",\"updateTime\":\"2025-10-11 11:08:19\",\"usableColumn\":false},{\"capJavaField\":\"AttendDays\",\"columnComment\":\"月出勤天数\",\"columnId\":5,\"columnName\":\"attend_days\",\"columnType\":\"int\",\"createBy\":\"admin\",\"createTime\":\"2025-10-11 10:57:02\",\"dictType\":\"\",\"edit\":true,\"htmlType\":\"input\",\"increment\":false,\"insert\":true,\"isEdit\":\"1\",\"isIncrement\":\"0\",\"isInsert\":\"1\",\"isList\":\"1\",\"isPk\":\"0\",\"isQuery\":\"1\",\"isRequired\":\"1\",\"javaField\":\"attendDays\",\"javaType\":\"Long\",\"list\":true,\"params\":{},\"pk\":false,\"query\":true,\"queryType\":\"EQ\",\"required\":true,\"sort\":2,\"superColumn\":false,\"tableId\":2,\"updateBy\":\"\",\"updateTime\":\"2025-10-11 11:08:19\",\"usableColumn\":false},{\"capJavaField\":\"OvertimeTimes\",\"columnComment\":\"月加班次数\",\"columnId\":6,\"columnName\":\"overtime_times\",\"columnType\":\"int\",\"createBy\":\"admin\",\"createTime\":\"2025-10-11 10:57:02\",\"dictType\":\"\",\"edit\":true,\"htmlType\":\"input\",\"increment\":false,\"insert\":true,\"isEdit\":\"1\",\"isIncrement\":\"0\",\"isInsert\":\"1\",\"isList\":\"1\",\"isPk\":\"0\",\"isQuery\":\"1\",\"isRequired\":\"1\",\"javaField\":\"overtimeTimes\",\"javaType\":\"Long\",\"list\":true,\"params\":{},\"pk\":false,\"query\":true,\"queryType\":\"EQ\",\"required\":true,\"sort\":3,\"superColumn\":false,\"tableId\":2,\"updateBy\":\"\",\"updateTime\":\"2025-10-11 11:08:19\",\"usableColumn\":false},{\"capJavaField\":\"AttendBonus\",\"columnComment\":\"出勤奖金\",\"columnId\":7,\"columnName\":\"attend_bonus\",\"columnType\":\"decimal(10,2)\",\"createBy\":\"admin\",\"createTime\":\"2025-10-11 10:57:02\",\"dictType\":\"\",\"edit\":true,\"htmlType\":\"input', '{\"msg\":\"操作成功\",\"code\":200}', 0, NULL, '2025-10-11 11:12:22', 31);
INSERT INTO `sys_oper_log` (`oper_id`, `title`, `business_type`, `method`, `request_method`, `operator_type`, `oper_name`, `dept_name`, `oper_url`, `oper_ip`, `oper_location`, `oper_param`, `json_result`, `status`, `error_msg`, `oper_time`, `cost_time`) VALUES (126, '代码生成', 2, 'com.ruoyi.generator.controller.GenController.editSave()', 'PUT', 1, 'admin', '研发部门', '/tool/gen', '127.0.0.1', '内网IP', '{\"businessName\":\"department\",\"className\":\"Department\",\"columns\":[{\"capJavaField\":\"DeptId\",\"columnComment\":\"部门编号\",\"columnId\":8,\"columnName\":\"dept_id\",\"columnType\":\"int\",\"createBy\":\"admin\",\"createTime\":\"2025-10-11 10:57:02\",\"dictType\":\"\",\"edit\":false,\"htmlType\":\"input\",\"increment\":true,\"insert\":true,\"isIncrement\":\"1\",\"isInsert\":\"1\",\"isPk\":\"1\",\"isQuery\":\"1\",\"isRequired\":\"0\",\"javaField\":\"deptId\",\"javaType\":\"Long\",\"list\":false,\"params\":{},\"pk\":true,\"query\":true,\"queryType\":\"EQ\",\"required\":false,\"sort\":1,\"superColumn\":false,\"tableId\":3,\"updateBy\":\"\",\"updateTime\":\"2025-10-11 11:08:21\",\"usableColumn\":false},{\"capJavaField\":\"DeptName\",\"columnComment\":\"部门名称\",\"columnId\":9,\"columnName\":\"dept_name\",\"columnType\":\"varchar(50)\",\"createBy\":\"admin\",\"createTime\":\"2025-10-11 10:57:02\",\"dictType\":\"\",\"edit\":true,\"htmlType\":\"input\",\"increment\":false,\"insert\":true,\"isEdit\":\"1\",\"isIncrement\":\"0\",\"isInsert\":\"1\",\"isList\":\"1\",\"isPk\":\"0\",\"isQuery\":\"1\",\"isRequired\":\"1\",\"javaField\":\"deptName\",\"javaType\":\"String\",\"list\":true,\"params\":{},\"pk\":false,\"query\":true,\"queryType\":\"LIKE\",\"required\":true,\"sort\":2,\"superColumn\":false,\"tableId\":3,\"updateBy\":\"\",\"updateTime\":\"2025-10-11 11:08:21\",\"usableColumn\":false},{\"capJavaField\":\"DeptManager\",\"columnComment\":\"部门经理\",\"columnId\":10,\"columnName\":\"dept_manager\",\"columnType\":\"varchar(50)\",\"createBy\":\"admin\",\"createTime\":\"2025-10-11 10:57:02\",\"dictType\":\"\",\"edit\":true,\"htmlType\":\"input\",\"increment\":false,\"insert\":true,\"isEdit\":\"1\",\"isIncrement\":\"0\",\"isInsert\":\"1\",\"isList\":\"1\",\"isPk\":\"0\",\"isQuery\":\"1\",\"isRequired\":\"0\",\"javaField\":\"deptManager\",\"javaType\":\"String\",\"list\":true,\"params\":{},\"pk\":false,\"query\":true,\"queryType\":\"EQ\",\"required\":false,\"sort\":3,\"superColumn\":false,\"tableId\":3,\"updateBy\":\"\",\"updateTime\":\"2025-10-11 11:08:21\",\"usableColumn\":false},{\"capJavaField\":\"DeptPhone\",\"columnComment\":\"部门联系电话\",\"columnId\":11,\"columnName\":\"dept_phone\",\"columnType\":\"varchar(20)\",\"createBy\":\"admin\",\"createTime\":\"2025-10-11 10:57:02\",\"dictType\":\"\",\"edit\":true,\"htmlType\":\"in', '{\"msg\":\"操作成功\",\"code\":200}', 0, NULL, '2025-10-11 11:12:32', 22);
INSERT INTO `sys_oper_log` (`oper_id`, `title`, `business_type`, `method`, `request_method`, `operator_type`, `oper_name`, `dept_name`, `oper_url`, `oper_ip`, `oper_location`, `oper_param`, `json_result`, `status`, `error_msg`, `oper_time`, `cost_time`) VALUES (127, '代码生成', 2, 'com.ruoyi.generator.controller.GenController.editSave()', 'PUT', 1, 'admin', '研发部门', '/tool/gen', '127.0.0.1', '内网IP', '{\"businessName\":\"employee\",\"className\":\"Employee\",\"columns\":[{\"capJavaField\":\"EmpId\",\"columnComment\":\"职工编号\",\"columnId\":12,\"columnName\":\"emp_id\",\"columnType\":\"int\",\"createBy\":\"admin\",\"createTime\":\"2025-10-11 10:57:02\",\"dictType\":\"\",\"edit\":false,\"htmlType\":\"input\",\"increment\":true,\"insert\":true,\"isIncrement\":\"1\",\"isInsert\":\"1\",\"isPk\":\"1\",\"isQuery\":\"1\",\"isRequired\":\"0\",\"javaField\":\"empId\",\"javaType\":\"Long\",\"list\":false,\"params\":{},\"pk\":true,\"query\":true,\"queryType\":\"EQ\",\"required\":false,\"sort\":1,\"superColumn\":false,\"tableId\":4,\"updateBy\":\"\",\"updateTime\":\"2025-10-11 11:08:23\",\"usableColumn\":false},{\"capJavaField\":\"EmpName\",\"columnComment\":\"职工姓名\",\"columnId\":13,\"columnName\":\"emp_name\",\"columnType\":\"varchar(50)\",\"createBy\":\"admin\",\"createTime\":\"2025-10-11 10:57:02\",\"dictType\":\"\",\"edit\":true,\"htmlType\":\"input\",\"increment\":false,\"insert\":true,\"isEdit\":\"1\",\"isIncrement\":\"0\",\"isInsert\":\"1\",\"isList\":\"1\",\"isPk\":\"0\",\"isQuery\":\"1\",\"isRequired\":\"1\",\"javaField\":\"empName\",\"javaType\":\"String\",\"list\":true,\"params\":{},\"pk\":false,\"query\":true,\"queryType\":\"LIKE\",\"required\":true,\"sort\":2,\"superColumn\":false,\"tableId\":4,\"updateBy\":\"\",\"updateTime\":\"2025-10-11 11:08:23\",\"usableColumn\":false},{\"capJavaField\":\"EmpGender\",\"columnComment\":\"职工性别\",\"columnId\":14,\"columnName\":\"emp_gender\",\"columnType\":\"char(2)\",\"createBy\":\"admin\",\"createTime\":\"2025-10-11 10:57:02\",\"dictType\":\"\",\"edit\":true,\"htmlType\":\"input\",\"increment\":false,\"insert\":true,\"isEdit\":\"1\",\"isIncrement\":\"0\",\"isInsert\":\"1\",\"isList\":\"1\",\"isPk\":\"0\",\"isQuery\":\"1\",\"isRequired\":\"0\",\"javaField\":\"empGender\",\"javaType\":\"String\",\"list\":true,\"params\":{},\"pk\":false,\"query\":true,\"queryType\":\"EQ\",\"required\":false,\"sort\":3,\"superColumn\":false,\"tableId\":4,\"updateBy\":\"\",\"updateTime\":\"2025-10-11 11:08:23\",\"usableColumn\":false},{\"capJavaField\":\"EmpAge\",\"columnComment\":\"职工年龄\",\"columnId\":15,\"columnName\":\"emp_age\",\"columnType\":\"int\",\"createBy\":\"admin\",\"createTime\":\"2025-10-11 10:57:02\",\"dictType\":\"\",\"edit\":true,\"htmlType\":\"input\",\"increment\":false,\"insert\":tr', '{\"msg\":\"操作成功\",\"code\":200}', 0, NULL, '2025-10-11 11:12:40', 29);
INSERT INTO `sys_oper_log` (`oper_id`, `title`, `business_type`, `method`, `request_method`, `operator_type`, `oper_name`, `dept_name`, `oper_url`, `oper_ip`, `oper_location`, `oper_param`, `json_result`, `status`, `error_msg`, `oper_time`, `cost_time`) VALUES (128, '代码生成', 8, 'com.ruoyi.generator.controller.GenController.batchGenCode()', 'GET', 1, 'admin', '研发部门', '/tool/gen/batchGenCode', '127.0.0.1', '内网IP', '{\"tables\":\"jobposition,salaryinfo,salarystandard,admin,attendance,department,employee\"}', NULL, 0, NULL, '2025-10-11 11:12:45', 1209);
INSERT INTO `sys_oper_log` (`oper_id`, `title`, `business_type`, `method`, `request_method`, `operator_type`, `oper_name`, `dept_name`, `oper_url`, `oper_ip`, `oper_location`, `oper_param`, `json_result`, `status`, `error_msg`, `oper_time`, `cost_time`) VALUES (129, '代码生成', 8, 'com.ruoyi.generator.controller.GenController.batchGenCode()', 'GET', 1, 'admin', '研发部门', '/tool/gen/batchGenCode', '127.0.0.1', '内网IP', '{\"tables\":\"jobposition,salaryinfo,salarystandard,admin,attendance,department,employee\"}', NULL, 0, NULL, '2025-10-11 11:24:39', 1351);
INSERT INTO `sys_oper_log` (`oper_id`, `title`, `business_type`, `method`, `request_method`, `operator_type`, `oper_name`, `dept_name`, `oper_url`, `oper_ip`, `oper_location`, `oper_param`, `json_result`, `status`, `error_msg`, `oper_time`, `cost_time`) VALUES (130, '菜单管理', 1, 'com.ruoyi.web.controller.system.SysMenuController.add()', 'POST', 1, 'admin', '研发部门', '/system/menu', '127.0.0.1', '内网IP', '{\"children\":[],\"component\":\"dashboard/BarChart\",\"createBy\":\"admin\",\"icon\":\"component\",\"isCache\":\"0\",\"isFrame\":\"1\",\"menuName\":\"测试\",\"menuType\":\"C\",\"orderNum\":0,\"params\":{},\"parentId\":2000,\"path\":\"test\",\"routeName\":\"test\",\"status\":\"0\",\"visible\":\"0\"}', '{\"msg\":\"操作成功\",\"code\":200}', 0, NULL, '2025-10-12 22:14:11', 56);
INSERT INTO `sys_oper_log` (`oper_id`, `title`, `business_type`, `method`, `request_method`, `operator_type`, `oper_name`, `dept_name`, `oper_url`, `oper_ip`, `oper_location`, `oper_param`, `json_result`, `status`, `error_msg`, `oper_time`, `cost_time`) VALUES (131, '员工基本信息', 3, 'com.ruoyi.employee.controller.EmployeeController.remove()', 'DELETE', 1, 'admin', '研发部门', '/employee/employee/1', '127.0.0.1', '内网IP', '[1]', '{\"msg\":\"操作成功\",\"code\":200}', 0, NULL, '2025-10-19 09:26:56', 19);
INSERT INTO `sys_oper_log` (`oper_id`, `title`, `business_type`, `method`, `request_method`, `operator_type`, `oper_name`, `dept_name`, `oper_url`, `oper_ip`, `oper_location`, `oper_param`, `json_result`, `status`, `error_msg`, `oper_time`, `cost_time`) VALUES (132, '员工基本信息', 3, 'com.ruoyi.employee.controller.EmployeeController.remove()', 'DELETE', 1, 'admin', '研发部门', '/employee/employee/2', '127.0.0.1', '内网IP', '[2]', '{\"msg\":\"操作成功\",\"code\":200}', 0, NULL, '2025-10-19 09:33:19', 9);
INSERT INTO `sys_oper_log` (`oper_id`, `title`, `business_type`, `method`, `request_method`, `operator_type`, `oper_name`, `dept_name`, `oper_url`, `oper_ip`, `oper_location`, `oper_param`, `json_result`, `status`, `error_msg`, `oper_time`, `cost_time`) VALUES (133, '员工工资信息', 3, 'com.ruoyi.salaryinfo.controller.SalaryinfoController.remove()', 'DELETE', 1, 'admin', '研发部门', '/salaryinfo/salaryinfo/3', '127.0.0.1', '内网IP', '[3]', '{\"msg\":\"操作成功\",\"code\":200}', 0, NULL, '2025-10-19 09:34:55', 6);
INSERT INTO `sys_oper_log` (`oper_id`, `title`, `business_type`, `method`, `request_method`, `operator_type`, `oper_name`, `dept_name`, `oper_url`, `oper_ip`, `oper_location`, `oper_param`, `json_result`, `status`, `error_msg`, `oper_time`, `cost_time`) VALUES (134, '员工基本信息', 3, 'com.ruoyi.employee.controller.EmployeeController.remove()', 'DELETE', 1, 'admin', '研发部门', '/employee/employee/3', '127.0.0.1', '内网IP', '[3]', '{\"msg\":\"操作成功\",\"code\":200}', 0, NULL, '2025-10-19 09:38:49', 45065);
INSERT INTO `sys_oper_log` (`oper_id`, `title`, `business_type`, `method`, `request_method`, `operator_type`, `oper_name`, `dept_name`, `oper_url`, `oper_ip`, `oper_location`, `oper_param`, `json_result`, `status`, `error_msg`, `oper_time`, `cost_time`) VALUES (135, '员工基本信息', 1, 'com.ruoyi.employee.controller.EmployeeController.add()', 'POST', 1, 'admin', '研发部门', '/employee/employee', '127.0.0.1', '内网IP', '{\"deptId\":1,\"empAge\":22,\"empGender\":\"男\",\"empId\":4,\"empName\":\"cdc\",\"empPhone\":\"66\",\"params\":{},\"posId\":1}', '{\"msg\":\"操作成功\",\"code\":200}', 0, NULL, '2025-10-19 09:40:19', 17);
INSERT INTO `sys_oper_log` (`oper_id`, `title`, `business_type`, `method`, `request_method`, `operator_type`, `oper_name`, `dept_name`, `oper_url`, `oper_ip`, `oper_location`, `oper_param`, `json_result`, `status`, `error_msg`, `oper_time`, `cost_time`) VALUES (136, '员工基本信息', 3, 'com.ruoyi.employee.controller.EmployeeController.remove()', 'DELETE', 1, 'admin', '研发部门', '/employee/employee/4', '127.0.0.1', '内网IP', '[4]', '{\"msg\":\"操作成功\",\"code\":200}', 0, NULL, '2025-10-19 09:40:54', 7);
INSERT INTO `sys_oper_log` (`oper_id`, `title`, `business_type`, `method`, `request_method`, `operator_type`, `oper_name`, `dept_name`, `oper_url`, `oper_ip`, `oper_location`, `oper_param`, `json_result`, `status`, `error_msg`, `oper_time`, `cost_time`) VALUES (137, '员工基本信息', 1, 'com.ruoyi.employee.controller.EmployeeController.add()', 'POST', 1, 'admin', '研发部门', '/employee/employee', '127.0.0.1', '内网IP', '{\"deptId\":1,\"empAge\":20,\"empGender\":\"男\",\"empId\":5,\"empName\":\"88\",\"empPhone\":\"16547896535\",\"params\":{},\"posId\":1}', '{\"msg\":\"操作成功\",\"code\":200}', 0, NULL, '2025-10-19 09:51:57', 193);
INSERT INTO `sys_oper_log` (`oper_id`, `title`, `business_type`, `method`, `request_method`, `operator_type`, `oper_name`, `dept_name`, `oper_url`, `oper_ip`, `oper_location`, `oper_param`, `json_result`, `status`, `error_msg`, `oper_time`, `cost_time`) VALUES (138, '员工基本信息', 2, 'com.ruoyi.employee.controller.EmployeeController.edit()', 'PUT', 1, 'admin', '研发部门', '/employee/employee', '127.0.0.1', '内网IP', '{\"deptId\":1,\"empAge\":8,\"empGender\":\"男\",\"empId\":5,\"empName\":\"88\",\"empPhone\":\"18569789546\",\"params\":{},\"posId\":1}', '{\"msg\":\"操作成功\",\"code\":200}', 0, NULL, '2025-10-19 09:52:31', 12);
INSERT INTO `sys_oper_log` (`oper_id`, `title`, `business_type`, `method`, `request_method`, `operator_type`, `oper_name`, `dept_name`, `oper_url`, `oper_ip`, `oper_location`, `oper_param`, `json_result`, `status`, `error_msg`, `oper_time`, `cost_time`) VALUES (139, '员工基本信息', 1, 'com.ruoyi.employee.controller.EmployeeController.add()', 'POST', 1, 'admin', '研发部门', '/employee/employee', '127.0.0.1', '内网IP', '{\"deptId\":1,\"empAge\":66,\"empGender\":\"男\",\"empName\":\"88888\",\"empPhone\":\"15698745896\",\"params\":{},\"posId\":3}', NULL, 1, '员工部门与职位所属部门不一致，请重新选择', '2025-10-19 10:09:37', 25);
INSERT INTO `sys_oper_log` (`oper_id`, `title`, `business_type`, `method`, `request_method`, `operator_type`, `oper_name`, `dept_name`, `oper_url`, `oper_ip`, `oper_location`, `oper_param`, `json_result`, `status`, `error_msg`, `oper_time`, `cost_time`) VALUES (140, '员工基本信息', 1, 'com.ruoyi.employee.controller.EmployeeController.add()', 'POST', 1, 'admin', '研发部门', '/employee/employee', '127.0.0.1', '内网IP', '{\"deptId\":1,\"empAge\":66,\"empGender\":\"男\",\"empId\":6,\"empName\":\"88888\",\"empPhone\":\"15698745896\",\"params\":{},\"posId\":1}', '{\"msg\":\"操作成功\",\"code\":200}', 0, NULL, '2025-10-19 10:09:41', 21);
INSERT INTO `sys_post` (`post_id`, `post_code`, `post_name`, `post_sort`, `status`, `create_by`, `create_time`, `update_by`, `update_time`, `remark`) VALUES (1, 'ceo', '董事长', 1, '0', 'admin', '2025-10-11 10:34:35', '', NULL, '');
INSERT INTO `sys_post` (`post_id`, `post_code`, `post_name`, `post_sort`, `status`, `create_by`, `create_time`, `update_by`, `update_time`, `remark`) VALUES (2, 'se', '项目经理', 2, '0', 'admin', '2025-10-11 10:34:35', '', NULL, '');
INSERT INTO `sys_post` (`post_id`, `post_code`, `post_name`, `post_sort`, `status`, `create_by`, `create_time`, `update_by`, `update_time`, `remark`) VALUES (3, 'hr', '人力资源', 3, '0', 'admin', '2025-10-11 10:34:35', '', NULL, '');
INSERT INTO `sys_post` (`post_id`, `post_code`, `post_name`, `post_sort`, `status`, `create_by`, `create_time`, `update_by`, `update_time`, `remark`) VALUES (4, 'user', '普通员工', 4, '0', 'admin', '2025-10-11 10:34:35', '', NULL, '');
INSERT INTO `sys_role` (`role_id`, `role_name`, `role_key`, `role_sort`, `data_scope`, `menu_check_strictly`, `dept_check_strictly`, `status`, `del_flag`, `create_by`, `create_time`, `update_by`, `update_time`, `remark`) VALUES (1, '超级管理员', 'admin', 1, '1', 1, 1, '0', '0', 'admin', '2025-10-11 10:34:35', '', NULL, '超级管理员');
INSERT INTO `sys_role` (`role_id`, `role_name`, `role_key`, `role_sort`, `data_scope`, `menu_check_strictly`, `dept_check_strictly`, `status`, `del_flag`, `create_by`, `create_time`, `update_by`, `update_time`, `remark`) VALUES (2, '普通角色', 'common', 2, '2', 1, 1, '0', '0', 'admin', '2025-10-11 10:34:35', '', NULL, '普通角色');
INSERT INTO `sys_role_dept` (`role_id`, `dept_id`) VALUES (2, 100);
INSERT INTO `sys_role_dept` (`role_id`, `dept_id`) VALUES (2, 101);
INSERT INTO `sys_role_dept` (`role_id`, `dept_id`) VALUES (2, 105);
INSERT INTO `sys_role_menu` (`role_id`, `menu_id`) VALUES (2, 1);
INSERT INTO `sys_role_menu` (`role_id`, `menu_id`) VALUES (2, 2);
INSERT INTO `sys_role_menu` (`role_id`, `menu_id`) VALUES (2, 3);
INSERT INTO `sys_role_menu` (`role_id`, `menu_id`) VALUES (2, 4);
INSERT INTO `sys_role_menu` (`role_id`, `menu_id`) VALUES (2, 100);
INSERT INTO `sys_role_menu` (`role_id`, `menu_id`) VALUES (2, 101);
INSERT INTO `sys_role_menu` (`role_id`, `menu_id`) VALUES (2, 102);
INSERT INTO `sys_role_menu` (`role_id`, `menu_id`) VALUES (2, 103);
INSERT INTO `sys_role_menu` (`role_id`, `menu_id`) VALUES (2, 104);
INSERT INTO `sys_role_menu` (`role_id`, `menu_id`) VALUES (2, 105);
INSERT INTO `sys_role_menu` (`role_id`, `menu_id`) VALUES (2, 106);
INSERT INTO `sys_role_menu` (`role_id`, `menu_id`) VALUES (2, 107);
INSERT INTO `sys_role_menu` (`role_id`, `menu_id`) VALUES (2, 108);
INSERT INTO `sys_role_menu` (`role_id`, `menu_id`) VALUES (2, 109);
INSERT INTO `sys_role_menu` (`role_id`, `menu_id`) VALUES (2, 110);
INSERT INTO `sys_role_menu` (`role_id`, `menu_id`) VALUES (2, 111);
INSERT INTO `sys_role_menu` (`role_id`, `menu_id`) VALUES (2, 112);
INSERT INTO `sys_role_menu` (`role_id`, `menu_id`) VALUES (2, 113);
INSERT INTO `sys_role_menu` (`role_id`, `menu_id`) VALUES (2, 114);
INSERT INTO `sys_role_menu` (`role_id`, `menu_id`) VALUES (2, 115);
INSERT INTO `sys_role_menu` (`role_id`, `menu_id`) VALUES (2, 116);
INSERT INTO `sys_role_menu` (`role_id`, `menu_id`) VALUES (2, 117);
INSERT INTO `sys_role_menu` (`role_id`, `menu_id`) VALUES (2, 500);
INSERT INTO `sys_role_menu` (`role_id`, `menu_id`) VALUES (2, 501);
INSERT INTO `sys_role_menu` (`role_id`, `menu_id`) VALUES (2, 1000);
INSERT INTO `sys_role_menu` (`role_id`, `menu_id`) VALUES (2, 1001);
INSERT INTO `sys_role_menu` (`role_id`, `menu_id`) VALUES (2, 1002);
INSERT INTO `sys_role_menu` (`role_id`, `menu_id`) VALUES (2, 1003);
INSERT INTO `sys_role_menu` (`role_id`, `menu_id`) VALUES (2, 1004);
INSERT INTO `sys_role_menu` (`role_id`, `menu_id`) VALUES (2, 1005);
INSERT INTO `sys_role_menu` (`role_id`, `menu_id`) VALUES (2, 1006);
INSERT INTO `sys_role_menu` (`role_id`, `menu_id`) VALUES (2, 1007);
INSERT INTO `sys_role_menu` (`role_id`, `menu_id`) VALUES (2, 1008);
INSERT INTO `sys_role_menu` (`role_id`, `menu_id`) VALUES (2, 1009);
INSERT INTO `sys_role_menu` (`role_id`, `menu_id`) VALUES (2, 1010);
INSERT INTO `sys_role_menu` (`role_id`, `menu_id`) VALUES (2, 1011);
INSERT INTO `sys_role_menu` (`role_id`, `menu_id`) VALUES (2, 1012);
INSERT INTO `sys_role_menu` (`role_id`, `menu_id`) VALUES (2, 1013);
INSERT INTO `sys_role_menu` (`role_id`, `menu_id`) VALUES (2, 1014);
INSERT INTO `sys_role_menu` (`role_id`, `menu_id`) VALUES (2, 1015);
INSERT INTO `sys_role_menu` (`role_id`, `menu_id`) VALUES (2, 1016);
INSERT INTO `sys_role_menu` (`role_id`, `menu_id`) VALUES (2, 1017);
INSERT INTO `sys_role_menu` (`role_id`, `menu_id`) VALUES (2, 1018);
INSERT INTO `sys_role_menu` (`role_id`, `menu_id`) VALUES (2, 1019);
INSERT INTO `sys_role_menu` (`role_id`, `menu_id`) VALUES (2, 1020);
INSERT INTO `sys_role_menu` (`role_id`, `menu_id`) VALUES (2, 1021);
INSERT INTO `sys_role_menu` (`role_id`, `menu_id`) VALUES (2, 1022);
INSERT INTO `sys_role_menu` (`role_id`, `menu_id`) VALUES (2, 1023);
INSERT INTO `sys_role_menu` (`role_id`, `menu_id`) VALUES (2, 1024);
INSERT INTO `sys_role_menu` (`role_id`, `menu_id`) VALUES (2, 1025);
INSERT INTO `sys_role_menu` (`role_id`, `menu_id`) VALUES (2, 1026);
INSERT INTO `sys_role_menu` (`role_id`, `menu_id`) VALUES (2, 1027);
INSERT INTO `sys_role_menu` (`role_id`, `menu_id`) VALUES (2, 1028);
INSERT INTO `sys_role_menu` (`role_id`, `menu_id`) VALUES (2, 1029);
INSERT INTO `sys_role_menu` (`role_id`, `menu_id`) VALUES (2, 1030);
INSERT INTO `sys_role_menu` (`role_id`, `menu_id`) VALUES (2, 1031);
INSERT INTO `sys_role_menu` (`role_id`, `menu_id`) VALUES (2, 1032);
INSERT INTO `sys_role_menu` (`role_id`, `menu_id`) VALUES (2, 1033);
INSERT INTO `sys_role_menu` (`role_id`, `menu_id`) VALUES (2, 1034);
INSERT INTO `sys_role_menu` (`role_id`, `menu_id`) VALUES (2, 1035);
INSERT INTO `sys_role_menu` (`role_id`, `menu_id`) VALUES (2, 1036);
INSERT INTO `sys_role_menu` (`role_id`, `menu_id`) VALUES (2, 1037);
INSERT INTO `sys_role_menu` (`role_id`, `menu_id`) VALUES (2, 1038);
INSERT INTO `sys_role_menu` (`role_id`, `menu_id`) VALUES (2, 1039);
INSERT INTO `sys_role_menu` (`role_id`, `menu_id`) VALUES (2, 1040);
INSERT INTO `sys_role_menu` (`role_id`, `menu_id`) VALUES (2, 1041);
INSERT INTO `sys_role_menu` (`role_id`, `menu_id`) VALUES (2, 1042);
INSERT INTO `sys_role_menu` (`role_id`, `menu_id`) VALUES (2, 1043);
INSERT INTO `sys_role_menu` (`role_id`, `menu_id`) VALUES (2, 1044);
INSERT INTO `sys_role_menu` (`role_id`, `menu_id`) VALUES (2, 1045);
INSERT INTO `sys_role_menu` (`role_id`, `menu_id`) VALUES (2, 1046);
INSERT INTO `sys_role_menu` (`role_id`, `menu_id`) VALUES (2, 1047);
INSERT INTO `sys_role_menu` (`role_id`, `menu_id`) VALUES (2, 1048);
INSERT INTO `sys_role_menu` (`role_id`, `menu_id`) VALUES (2, 1049);
INSERT INTO `sys_role_menu` (`role_id`, `menu_id`) VALUES (2, 1050);
INSERT INTO `sys_role_menu` (`role_id`, `menu_id`) VALUES (2, 1051);
INSERT INTO `sys_role_menu` (`role_id`, `menu_id`) VALUES (2, 1052);
INSERT INTO `sys_role_menu` (`role_id`, `menu_id`) VALUES (2, 1053);
INSERT INTO `sys_role_menu` (`role_id`, `menu_id`) VALUES (2, 1054);
INSERT INTO `sys_role_menu` (`role_id`, `menu_id`) VALUES (2, 1055);
INSERT INTO `sys_role_menu` (`role_id`, `menu_id`) VALUES (2, 1056);
INSERT INTO `sys_role_menu` (`role_id`, `menu_id`) VALUES (2, 1057);
INSERT INTO `sys_role_menu` (`role_id`, `menu_id`) VALUES (2, 1058);
INSERT INTO `sys_role_menu` (`role_id`, `menu_id`) VALUES (2, 1059);
INSERT INTO `sys_role_menu` (`role_id`, `menu_id`) VALUES (2, 1060);
INSERT INTO `sys_user` (`user_id`, `dept_id`, `user_name`, `nick_name`, `user_type`, `email`, `phonenumber`, `sex`, `avatar`, `password`, `status`, `del_flag`, `login_ip`, `login_date`, `pwd_update_date`, `create_by`, `create_time`, `update_by`, `update_time`, `remark`) VALUES (1, 103, 'admin', '若依', '00', 'ry@163.com', '15888888888', '1', '', '$2a$10$7JB720yubVSZvUI0rEqK/.VqGOZTH.ulu33dHOiBE8ByOhJIrdAu2', '0', '0', '127.0.0.1', '2025-10-19 11:00:12', '2025-10-11 10:34:35', 'admin', '2025-10-11 10:34:35', '', NULL, '管理员');
INSERT INTO `sys_user` (`user_id`, `dept_id`, `user_name`, `nick_name`, `user_type`, `email`, `phonenumber`, `sex`, `avatar`, `password`, `status`, `del_flag`, `login_ip`, `login_date`, `pwd_update_date`, `create_by`, `create_time`, `update_by`, `update_time`, `remark`) VALUES (2, 105, 'ry', '若依', '00', 'ry@qq.com', '15666666666', '1', '', '$2a$10$7JB720yubVSZvUI0rEqK/.VqGOZTH.ulu33dHOiBE8ByOhJIrdAu2', '0', '0', '127.0.0.1', '2025-10-11 10:34:35', '2025-10-11 10:34:35', 'admin', '2025-10-11 10:34:35', '', NULL, '测试员');
INSERT INTO `sys_user_post` (`user_id`, `post_id`) VALUES (1, 1);
INSERT INTO `sys_user_post` (`user_id`, `post_id`) VALUES (2, 2);
INSERT INTO `sys_user_role` (`user_id`, `role_id`) VALUES (1, 1);
INSERT INTO `sys_user_role` (`user_id`, `role_id`) VALUES (2, 2);
